case_name,case_description,formulation,solver_config,solver_method,rtol,atol,duration_s,sample_rate_hz,requested_sample_count,repeat_count,median_payload_row_count,median_json_payload_bytes,min_total_runtime_s,median_total_runtime_s,max_total_runtime_s,median_model_construction_and_solve_time_s,median_position_reconstruction_time_s,median_payload_preparation_time_s,median_json_serialization_time_s,median_nfev,solver_success_all,solver_statuses,solver_messages,median_final_abs_energy_drift,median_max_abs_energy_drift,last_final_energy_drift,initial_conditions_user_units,parameters,notes
low_energy_small_angles,Small angles released from rest; comparatively benign.,lagrangian,solve_ivp_default,solve_ivp_default,,,10,200,2000,3,2000.0,369137.0,0.025891459023114294,0.026919541996903718,0.0272719579807017,0.019191291998140514,3.891700180247426e-05,0.0013404169876594096,0.005727375013520941,206,True,"[""0""]","[""The solver successfully reached the end of the integration interval.""]",0.00018369915466109887,0.00018369915466109887,-0.00018369915466109887,"[5.0,7.0,0.0,0.0]","{""g"":9.81,""l1"":1.0,""l2"":1.0,""m1"":1.0,""m2"":1.0}","Negative baseline-risk policy. Class design combines construction, lambdify, and solve timing."
low_energy_small_angles,Small angles released from rest; comparatively benign.,lagrangian,rk45_strict,RK45,1e-08,1e-10,10,200,2000,3,2000.0,369336.0,0.03756562399212271,0.03781529102707282,0.03886850000708364,0.030829957977402955,3.7999998312443495e-05,0.0013243749854154885,0.005470500007504597,1772,True,"[""0""]","[""The solver successfully reached the end of the integration interval.""]",8.780268956343207e-09,8.780268956343207e-09,-8.780268956343207e-09,"[5.0,7.0,0.0,0.0]","{""g"":9.81,""l1"":1.0,""l2"":1.0,""m1"":1.0,""m2"":1.0}","Strict RK45 candidate. Class design combines construction, lambdify, and solve timing."
low_energy_small_angles,Small angles released from rest; comparatively benign.,lagrangian,dop853_moderate,DOP853,1e-06,1e-08,10,200,2000,3,2000.0,369195.0,0.02705179201439023,0.027162334008608013,0.02843137498712167,0.02044366698828526,3.587501123547554e-05,0.0012612919963430613,0.005457833001855761,527,True,"[""0""]","[""The solver successfully reached the end of the integration interval.""]",5.7205379988545246e-08,3.7945746100831457e-07,-5.7205379988545246e-08,"[5.0,7.0,0.0,0.0]","{""g"":9.81,""l1"":1.0,""l2"":1.0,""m1"":1.0,""m2"":1.0}","Moderate DOP853 candidate. Class design combines construction, lambdify, and solve timing."
low_energy_small_angles,Small angles released from rest; comparatively benign.,lagrangian,dop853_strict,DOP853,1e-09,1e-11,10,200,2000,3,2000.0,369149.0,0.03254183303215541,0.03277604197501205,0.03324625000823289,0.026028083986602724,3.662501694634557e-05,0.0012470829824451357,0.005466417002025992,1301,True,"[""0""]","[""The solver successfully reached the end of the integration interval.""]",2.084732386720134e-11,5.377920331284258e-10,-2.084732386720134e-11,"[5.0,7.0,0.0,0.0]","{""g"":9.81,""l1"":1.0,""l2"":1.0,""m1"":1.0,""m2"":1.0}","Strict DOP853 candidate. Class design combines construction, lambdify, and solve timing."
low_energy_small_angles,Small angles released from rest; comparatively benign.,hamiltonian,solve_ivp_default,solve_ivp_default,,,10,200,2000,3,2000.0,369227.0,0.036188958009006456,0.03707208303967491,0.06530758304870687,0.029889875004300848,3.57080134563148e-05,0.001307458005612716,0.00549937499454245,188,True,"[""0""]","[""The solver successfully reached the end of the integration interval.""]",0.00010489599714702535,0.0001067128387326477,-0.00010489599714702535,"[5.0,7.0,0.0,0.0]","{""g"":9.81,""l1"":1.0,""l2"":1.0,""m1"":1.0,""m2"":1.0}","Negative baseline-risk policy. Class design combines construction, lambdify, and solve timing."
low_energy_small_angles,Small angles released from rest; comparatively benign.,hamiltonian,rk45_strict,RK45,1e-08,1e-10,10,200,2000,3,2000.0,369145.0,0.05232008302118629,0.052396791987121105,0.05255299902637489,0.045615750015713274,3.712502075359225e-05,0.0012245420075487345,0.005441707995487377,1784,True,"[""0""]","[""The solver successfully reached the end of the integration interval.""]",9.591392569063828e-09,9.591392569063828e-09,-9.591392569063828e-09,"[5.0,7.0,0.0,0.0]","{""g"":9.81,""l1"":1.0,""l2"":1.0,""m1"":1.0,""m2"":1.0}","Strict RK45 candidate. Class design combines construction, lambdify, and solve timing."
low_energy_small_angles,Small angles released from rest; comparatively benign.,hamiltonian,dop853_moderate,DOP853,1e-06,1e-08,10,200,2000,3,2000.0,369193.0,0.03865241599851288,0.038766207959270105,0.039184539957204834,0.031845541001530364,3.683299291878939e-05,0.0013146669953130186,0.005473207973409444,458,True,"[""0""]","[""The solver successfully reached the end of the integration interval.""]",1.3396776665786092e-07,6.361642235219733e-07,-1.3396776665786092e-07,"[5.0,7.0,0.0,0.0]","{""g"":9.81,""l1"":1.0,""l2"":1.0,""m1"":1.0,""m2"":1.0}","Moderate DOP853 candidate. Class design combines construction, lambdify, and solve timing."
low_energy_small_angles,Small angles released from rest; comparatively benign.,hamiltonian,dop853_strict,DOP853,1e-09,1e-11,10,200,2000,3,2000.0,369193.0,0.04371329100104049,0.04425595799693838,0.0442800410091877,0.036902249994454905,3.5165983717888594e-05,0.0013072909787297249,0.005468625022331253,1019,True,"[""0""]","[""The solver successfully reached the end of the integration interval.""]",5.3930193644191604e-11,6.076028569168557e-10,-5.3930193644191604e-11,"[5.0,7.0,0.0,0.0]","{""g"":9.81,""l1"":1.0,""l2"":1.0,""m1"":1.0,""m2"":1.0}","Strict DOP853 candidate. Class design combines construction, lambdify, and solve timing."
low_energy_small_angles,Small angles released from rest; comparatively benign.,lagrangian,solve_ivp_default,solve_ivp_default,,,30,200,6000,2,6000.0,1107586.0,0.04225266698631458,0.04288916649238672,0.04352566599845886,0.02236327099672053,8.49170028232038e-05,0.003977186992415227,0.01646379150042776,698.0,True,"[""0""]","[""The solver successfully reached the end of the integration interval.""]",0.0004409828652214287,0.0004409828652214287,-0.0004409828652214287,"[5.0,7.0,0.0,0.0]","{""g"":9.81,""l1"":1.0,""l2"":1.0,""m1"":1.0,""m2"":1.0}","Negative baseline-risk policy. Class design combines construction, lambdify, and solve timing. Repeat count reduced for longer app-like runs."
low_energy_small_angles,Small angles released from rest; comparatively benign.,lagrangian,rk45_strict,RK45,1e-08,1e-10,30,200,6000,2,6000.0,1107396.0,0.07963037298759446,0.07977920751727652,0.07992804204695858,0.059447895517223515,9.508299990557134e-05,0.0037469164963113144,0.016489312503836118,5306.0,True,"[""0""]","[""The solver successfully reached the end of the integration interval.""]",2.673209564818535e-08,2.673209564818535e-08,-2.673209564818535e-08,"[5.0,7.0,0.0,0.0]","{""g"":9.81,""l1"":1.0,""l2"":1.0,""m1"":1.0,""m2"":1.0}","Strict RK45 candidate. Class design combines construction, lambdify, and solve timing. Repeat count reduced for longer app-like runs."
low_energy_small_angles,Small angles released from rest; comparatively benign.,lagrangian,dop853_moderate,DOP853,1e-06,1e-08,30,200,6000,2,6000.0,1107531.0,0.04833316698204726,0.048360291970311664,0.04838741695857607,0.027991541486699134,9.202098590321839e-05,0.0037878544972045347,0.016488875000504777,1544.0,True,"[""0""]","[""The solver successfully reached the end of the integration interval.""]",1.581263262551147e-07,4.5294250838878725e-07,-1.581263262551147e-07,"[5.0,7.0,0.0,0.0]","{""g"":9.81,""l1"":1.0,""l2"":1.0,""m1"":1.0,""m2"":1.0}","Moderate DOP853 candidate. Class design combines construction, lambdify, and solve timing. Repeat count reduced for longer app-like runs."
low_energy_small_angles,Small angles released from rest; comparatively benign.,lagrangian,dop853_strict,DOP853,1e-09,1e-11,30,200,6000,2,6000.0,1107472.0,0.08564966599806212,0.09428454149747267,0.10291941699688323,0.06380868749693036,0.0002979790006065741,0.005434999999124557,0.024742875000811182,3674.0,True,"[""0""]","[""The solver successfully reached the end of the integration interval.""]",7.110045885383443e-11,5.67332847367652e-10,-7.110045885383443e-11,"[5.0,7.0,0.0,0.0]","{""g"":9.81,""l1"":1.0,""l2"":1.0,""m1"":1.0,""m2"":1.0}","Strict DOP853 candidate. Class design combines construction, lambdify, and solve timing. Repeat count reduced for longer app-like runs."
low_energy_small_angles,Small angles released from rest; comparatively benign.,hamiltonian,solve_ivp_default,solve_ivp_default,,,30,200,6000,2,6000.0,1107349.0,0.06114445693674497,0.0692401449487079,0.07733583296067081,0.043395520478952676,0.00014406249101739377,0.004292020486900583,0.02140854149183724,632.0,True,"[""0""]","[""The solver successfully reached the end of the integration interval.""]",0.00010605247760508973,0.00012460325294227914,0.00010605247760508973,"[5.0,7.0,0.0,0.0]","{""g"":9.81,""l1"":1.0,""l2"":1.0,""m1"":1.0,""m2"":1.0}","Negative baseline-risk policy. Class design combines construction, lambdify, and solve timing. Repeat count reduced for longer app-like runs."
low_energy_small_angles,Small angles released from rest; comparatively benign.,hamiltonian,rk45_strict,RK45,1e-08,1e-10,30,200,6000,2,6000.0,1107551.0,0.10504779001348652,0.12164574851340149,0.13824370701331645,0.09973860399622936,9.208300616592169e-05,0.004081916005816311,0.017733145505189896,5336.0,True,"[""0""]","[""The solver successfully reached the end of the integration interval.""]",2.909361995762083e-08,2.909361995762083e-08,-2.909361995762083e-08,"[5.0,7.0,0.0,0.0]","{""g"":9.81,""l1"":1.0,""l2"":1.0,""m1"":1.0,""m2"":1.0}","Strict RK45 candidate. Class design combines construction, lambdify, and solve timing. Repeat count reduced for longer app-like runs."
low_energy_small_angles,Small angles released from rest; comparatively benign.,hamiltonian,dop853_moderate,DOP853,1e-06,1e-08,30,200,6000,2,6000.0,1107485.0,0.06156754199764691,0.061636313490453176,0.06170508498325944,0.04119135449582245,9.629200212657452e-05,0.0038264164904830977,0.016522250502021052,1310.0,True,"[""0""]","[""The solver successfully reached the end of the integration interval.""]",4.054621278726245e-07,8.639030646406809e-07,-4.054621278726245e-07,"[5.0,7.0,0.0,0.0]","{""g"":9.81,""l1"":1.0,""l2"":1.0,""m1"":1.0,""m2"":1.0}","Moderate DOP853 candidate. Class design combines construction, lambdify, and solve timing. Repeat count reduced for longer app-like runs."
low_energy_small_angles,Small angles released from rest; comparatively benign.,hamiltonian,dop853_strict,DOP853,1e-09,1e-11,30,200,6000,2,6000.0,1107455.0,0.07567316701170057,0.07584308349760249,0.07601299998350441,0.05547214600665029,0.00010033349099103361,0.003895146001013927,0.01637545799894724,2930.0,True,"[""0""]","[""The solver successfully reached the end of the integration interval.""]",1.659081760863046e-10,6.893152715292672e-10,-1.659081760863046e-10,"[5.0,7.0,0.0,0.0]","{""g"":9.81,""l1"":1.0,""l2"":1.0,""m1"":1.0,""m2"":1.0}","Strict DOP853 candidate. Class design combines construction, lambdify, and solve timing. Repeat count reduced for longer app-like runs."
low_energy_small_angles,Small angles released from rest; comparatively benign.,lagrangian,solve_ivp_default,solve_ivp_default,,,60,200,12000,2,12000.0,2213102.0,0.0696845410275273,0.07013741601258516,0.07059029099764302,0.029298395485966466,0.00019243801943957806,0.007602249490446411,0.03304433301673271,1526.0,True,"[""0""]","[""The solver successfully reached the end of the integration interval.""]",0.0005906051543398405,0.0005906051543398405,-0.0005906051543398405,"[5.0,7.0,0.0,0.0]","{""g"":9.81,""l1"":1.0,""l2"":1.0,""m1"":1.0,""m2"":1.0}","Negative baseline-risk policy. Class design combines construction, lambdify, and solve timing. Repeat count reduced for longer app-like runs."
low_energy_small_angles,Small angles released from rest; comparatively benign.,lagrangian,rk45_strict,RK45,1e-08,1e-10,60,200,12000,2,12000.0,2212968.0,0.14334883299306966,0.14399577050062362,0.14464270800817758,0.10275600000750273,0.00019654149946291,0.007613478985149413,0.03342975000850856,10634.0,True,"[""0""]","[""The solver successfully reached the end of the integration interval.""]",5.320186602375543e-08,5.320186602375543e-08,-5.320186602375543e-08,"[5.0,7.0,0.0,0.0]","{""g"":9.81,""l1"":1.0,""l2"":1.0,""m1"":1.0,""m2"":1.0}","Strict RK45 candidate. Class design combines construction, lambdify, and solve timing. Repeat count reduced for longer app-like runs."
low_energy_small_angles,Small angles released from rest; comparatively benign.,lagrangian,dop853_moderate,DOP853,1e-06,1e-08,60,200,12000,2,12000.0,2213000.0,0.08055454195709899,0.0962508954689838,0.11194724898086861,0.040182166994782165,0.0001900830102385953,0.022849228989798576,0.033029416474164464,3131.0,True,"[""0""]","[""The solver successfully reached the end of the integration interval.""]",3.047916301568421e-07,5.765419324177401e-07,-3.047916301568421e-07,"[5.0,7.0,0.0,0.0]","{""g"":9.81,""l1"":1.0,""l2"":1.0,""m1"":1.0,""m2"":1.0}","Moderate DOP853 candidate. Class design combines construction, lambdify, and solve timing. Repeat count reduced for longer app-like runs."
low_energy_small_angles,Small angles released from rest; comparatively benign.,lagrangian,dop853_strict,DOP853,1e-09,1e-11,60,200,12000,2,12000.0,2212999.0,0.1104868330003228,0.11063664552057162,0.11078645804082043,0.07003066650941037,0.00018791700131259859,0.007547791508841328,0.032870270501007326,7373.0,True,"[""0""]","[""The solver successfully reached the end of the integration interval.""]",1.36143540885314e-10,6.244711414638004e-10,-1.36143540885314e-10,"[5.0,7.0,0.0,0.0]","{""g"":9.81,""l1"":1.0,""l2"":1.0,""m1"":1.0,""m2"":1.0}","Strict DOP853 candidate. Class design combines construction, lambdify, and solve timing. Repeat count reduced for longer app-like runs."
low_energy_small_angles,Small angles released from rest; comparatively benign.,hamiltonian,solve_ivp_default,solve_ivp_default,,,60,200,12000,2,12000.0,2212957.0,0.08316433496656828,0.08364864700706676,0.08413295904756524,0.04293068750121165,0.00019275049271527678,0.007385979508399032,0.0331392295047408,1436.0,True,"[""0""]","[""The solver successfully reached the end of the integration interval.""]",0.0010173008415925722,0.0010314228593557573,0.0010173008415925722,"[5.0,7.0,0.0,0.0]","{""g"":9.81,""l1"":1.0,""l2"":1.0,""m1"":1.0,""m2"":1.0}","Negative baseline-risk policy. Class design combines construction, lambdify, and solve timing. Repeat count reduced for longer app-like runs."
low_energy_small_angles,Small angles released from rest; comparatively benign.,hamiltonian,rk45_strict,RK45,1e-08,1e-10,60,200,12000,2,12000.0,2212916.0,0.17561954096890986,0.17634145749616437,0.17706337402341887,0.1358521250076592,0.0001929789868881926,0.007603666002978571,0.032692687498638406,10694.0,True,"[""0""]","[""The solver successfully reached the end of the integration interval.""]",5.80512384829035e-08,5.80512384829035e-08,-5.80512384829035e-08,"[5.0,7.0,0.0,0.0]","{""g"":9.81,""l1"":1.0,""l2"":1.0,""m1"":1.0,""m2"":1.0}","Strict RK45 candidate. Class design combines construction, lambdify, and solve timing. Repeat count reduced for longer app-like runs."
low_energy_small_angles,Small angles released from rest; comparatively benign.,hamiltonian,dop853_moderate,DOP853,1e-06,1e-08,60,200,12000,2,12000.0,2213199.0,0.09300225001061335,0.09309964500425849,0.09319703999790363,0.05267797900887672,0.00018681200162973255,0.007520270490203984,0.032714583503548056,2573.0,True,"[""0""]","[""The solver successfully reached the end of the integration interval.""]",8.157787760865176e-07,1.2012678780592978e-06,-8.157787760865176e-07,"[5.0,7.0,0.0,0.0]","{""g"":9.81,""l1"":1.0,""l2"":1.0,""m1"":1.0,""m2"":1.0}","Moderate DOP853 candidate. Class design combines construction, lambdify, and solve timing. Repeat count reduced for longer app-like runs."
low_energy_small_angles,Small angles released from rest; comparatively benign.,hamiltonian,dop853_strict,DOP853,1e-09,1e-11,60,200,12000,2,12000.0,2213305.0,0.12333699999726377,0.12338066601660103,0.12342433203593828,0.08280831250885967,0.00018839549738913774,0.007647395512321964,0.03273656249803025,5816.0,True,"[""0""]","[""The solver successfully reached the end of the integration interval.""]",3.305764550987078e-10,8.317684319081309e-10,-3.305764550987078e-10,"[5.0,7.0,0.0,0.0]","{""g"":9.81,""l1"":1.0,""l2"":1.0,""m1"":1.0,""m2"":1.0}","Strict DOP853 candidate. Class design combines construction, lambdify, and solve timing. Repeat count reduced for longer app-like runs."
screenshot_like_simple_start,"Screenshot-like simple case [0, 60, 0, 0].",lagrangian,solve_ivp_default,solve_ivp_default,,,10,200,2000,3,2000.0,363905.0,0.027439875033451244,0.02783704298781231,0.028605375962797552,0.020760417013661936,3.6833982449024916e-05,0.0013860419858247042,0.005458416999317706,554,True,"[""0""]","[""The solver successfully reached the end of the integration interval.""]",0.8401880087066012,0.8403633950837559,0.8401880087066012,"[0.0,60.0,0.0,0.0]","{""g"":9.81,""l1"":1.0,""l2"":1.0,""m1"":1.0,""m2"":1.0}","Negative baseline-risk policy. Class design combines construction, lambdify, and solve timing."
screenshot_like_simple_start,"Screenshot-like simple case [0, 60, 0, 0].",lagrangian,rk45_strict,RK45,1e-08,1e-10,10,200,2000,3,2000.0,364000.0,0.05565937500796281,0.05566033400828019,0.05600629100808874,0.048750874993856996,3.6500015994533896e-05,0.0013999579823575914,0.005449000018415973,4082,True,"[""0""]","[""The solver successfully reached the end of the integration interval.""]",1.576339947462202e-07,2.6620193338544595e-07,-1.576339947462202e-07,"[0.0,60.0,0.0,0.0]","{""g"":9.81,""l1"":1.0,""l2"":1.0,""m1"":1.0,""m2"":1.0}","Strict RK45 candidate. Class design combines construction, lambdify, and solve timing."
screenshot_like_simple_start,"Screenshot-like simple case [0, 60, 0, 0].",lagrangian,dop853_moderate,DOP853,1e-06,1e-08,10,200,2000,3,2000.0,364180.0,0.04012066693394445,0.04026641699601896,0.04031358502106741,0.033391542005119845,3.641701187007129e-05,0.001381542009767145,0.005456707993289456,2420,True,"[""0""]","[""The solver successfully reached the end of the integration interval.""]",2.2535370593601556e-05,3.574497922187447e-05,2.2535370593601556e-05,"[0.0,60.0,0.0,0.0]","{""g"":9.81,""l1"":1.0,""l2"":1.0,""m1"":1.0,""m2"":1.0}","Moderate DOP853 candidate. Class design combines construction, lambdify, and solve timing."
screenshot_like_simple_start,"Screenshot-like simple case [0, 60, 0, 0].",lagrangian,dop853_strict,DOP853,1e-09,1e-11,10,200,2000,3,2000.0,364076.0,0.05935395898995921,0.05953395800315775,0.06021229099133052,0.05268716599675827,3.7084013456478715e-05,0.0013972499873489141,0.005430124991107732,5162,True,"[""0""]","[""The solver successfully reached the end of the integration interval.""]",7.827090087175748e-10,7.68802621564646e-09,7.827090087175748e-10,"[0.0,60.0,0.0,0.0]","{""g"":9.81,""l1"":1.0,""l2"":1.0,""m1"":1.0,""m2"":1.0}","Strict DOP853 candidate. Class design combines construction, lambdify, and solve timing."
screenshot_like_simple_start,"Screenshot-like simple case [0, 60, 0, 0].",hamiltonian,solve_ivp_default,solve_ivp_default,,,10,200,2000,3,2000.0,364166.0,0.039685708994511515,0.04020183303509839,0.040359916019951925,0.03277074999641627,3.600001218728721e-05,0.0014352909929584712,0.0054479579848703,548,True,"[""0""]","[""The solver successfully reached the end of the integration interval.""]",0.0014280241336415145,0.03936723722187807,-0.0014280241336415145,"[0.0,60.0,0.0,0.0]","{""g"":9.81,""l1"":1.0,""l2"":1.0,""m1"":1.0,""m2"":1.0}","Negative baseline-risk policy. Class design combines construction, lambdify, and solve timing."
screenshot_like_simple_start,"Screenshot-like simple case [0, 60, 0, 0].",hamiltonian,rk45_strict,RK45,1e-08,1e-10,10,200,2000,3,2000.0,364190.0,0.07489962503314018,0.07505758400657214,0.07565499999327585,0.06795916700502858,3.65830201189965e-05,0.001487916975747794,0.005443541012937203,4064,True,"[""0""]","[""The solver successfully reached the end of the integration interval.""]",2.4841135015662985e-07,4.424695241311838e-07,-2.4841135015662985e-07,"[0.0,60.0,0.0,0.0]","{""g"":9.81,""l1"":1.0,""l2"":1.0,""m1"":1.0,""m2"":1.0}","Strict RK45 candidate. Class design combines construction, lambdify, and solve timing."
screenshot_like_simple_start,"Screenshot-like simple case [0, 60, 0, 0].",hamiltonian,dop853_moderate,DOP853,1e-06,1e-08,10,200,2000,3,2000.0,364151.0,0.05346699999063276,0.05359133300953545,0.05366812605643645,0.04664025001693517,3.762502456083894e-05,0.0014682499750051647,0.005444458016427234,2084,True,"[""0""]","[""The solver successfully reached the end of the integration interval.""]",1.788370841637743e-06,5.43426550692061e-06,-1.788370841637743e-06,"[0.0,60.0,0.0,0.0]","{""g"":9.81,""l1"":1.0,""l2"":1.0,""m1"":1.0,""m2"":1.0}","Moderate DOP853 candidate. Class design combines construction, lambdify, and solve timing."
screenshot_like_simple_start,"Screenshot-like simple case [0, 60, 0, 0].",hamiltonian,dop853_strict,DOP853,1e-09,1e-11,10,200,2000,3,2000.0,364039.0,0.07370633294340223,0.07383325102273375,0.07464970799628645,0.06692116701742634,3.6833982449024916e-05,0.0014663749898318201,0.005424458999186754,4334,True,"[""0""]","[""The solver successfully reached the end of the integration interval.""]",4.171834433464028e-09,1.1081549899927268e-08,-4.171834433464028e-09,"[0.0,60.0,0.0,0.0]","{""g"":9.81,""l1"":1.0,""l2"":1.0,""m1"":1.0,""m2"":1.0}","Strict DOP853 candidate. Class design combines construction, lambdify, and solve timing."
screenshot_like_simple_start,"Screenshot-like simple case [0, 60, 0, 0].",lagrangian,solve_ivp_default,solve_ivp_default,,,30,200,6000,2,6000.0,1091220.0,0.052831375011010095,0.07140743650961667,0.08998349800822325,0.031222916499245912,0.00010443701467011124,0.022989583492744714,0.017090499502955936,1718.0,True,"[""0""]","[""The solver successfully reached the end of the integration interval.""]",1.0387684449125416,1.1074754833119975,1.0387684449125416,"[0.0,60.0,0.0,0.0]","{""g"":9.81,""l1"":1.0,""l2"":1.0,""m1"":1.0,""m2"":1.0}","Negative baseline-risk policy. Class design combines construction, lambdify, and solve timing. Repeat count reduced for longer app-like runs."
screenshot_like_simple_start,"Screenshot-like simple case [0, 60, 0, 0].",lagrangian,rk45_strict,RK45,1e-08,1e-10,30,200,6000,2,6000.0,1092942.0,0.14065770903835073,0.14253816650307272,0.1444186239677947,0.12069779151352122,0.00011147899203933775,0.004234791500493884,0.01749410449701827,12260.0,True,"[""0""]","[""The solver successfully reached the end of the integration interval.""]",4.6076313608978126e-07,5.927517889858791e-07,-4.6076313608978126e-07,"[0.0,60.0,0.0,0.0]","{""g"":9.81,""l1"":1.0,""l2"":1.0,""m1"":1.0,""m2"":1.0}","Strict RK45 candidate. Class design combines construction, lambdify, and solve timing. Repeat count reduced for longer app-like runs."
screenshot_like_simple_start,"Screenshot-like simple case [0, 60, 0, 0].",lagrangian,dop853_moderate,DOP853,1e-06,1e-08,30,200,6000,2,6000.0,1093193.0,0.08761145701282658,0.0886532920121681,0.08969512701150961,0.06749081250745803,0.00011237501166760921,0.004176770991762169,0.016873333501280285,7073.0,True,"[""0""]","[""The solver successfully reached the end of the integration interval.""]",0.00011926095165293304,0.000134237154298944,0.00011926095165293304,"[0.0,60.0,0.0,0.0]","{""g"":9.81,""l1"":1.0,""l2"":1.0,""m1"":1.0,""m2"":1.0}","Moderate DOP853 candidate. Class design combines construction, lambdify, and solve timing. Repeat count reduced for longer app-like runs."
screenshot_like_simple_start,"Screenshot-like simple case [0, 60, 0, 0].",lagrangian,dop853_strict,DOP853,1e-09,1e-11,30,200,6000,2,6000.0,1093035.0,0.1477206250128802,0.14947233299608342,0.15122404097928666,0.12850868700479623,0.00010202100384049118,0.004181499985861592,0.01668012500158511,15215.0,True,"[""0""]","[""The solver successfully reached the end of the integration interval.""]",1.695514839639145e-09,1.3117542607687938e-08,-1.695514839639145e-09,"[0.0,60.0,0.0,0.0]","{""g"":9.81,""l1"":1.0,""l2"":1.0,""m1"":1.0,""m2"":1.0}","Strict DOP853 candidate. Class design combines construction, lambdify, and solve timing. Repeat count reduced for longer app-like runs."
screenshot_like_simple_start,"Screenshot-like simple case [0, 60, 0, 0].",hamiltonian,solve_ivp_default,solve_ivp_default,,,30,200,6000,2,6000.0,1093216.0,0.065198541036807,0.06690127053298056,0.06860400002915412,0.04499447901616804,0.00011000000813510269,0.0044104999979026616,0.017386291510774754,1478.0,True,"[""0""]","[""The solver successfully reached the end of the integration interval.""]",0.03020760558368707,0.05352996726368531,0.03020760558368707,"[0.0,60.0,0.0,0.0]","{""g"":9.81,""l1"":1.0,""l2"":1.0,""m1"":1.0,""m2"":1.0}","Negative baseline-risk policy. Class design combines construction, lambdify, and solve timing. Repeat count reduced for longer app-like runs."
screenshot_like_simple_start,"Screenshot-like simple case [0, 60, 0, 0].",hamiltonian,rk45_strict,RK45,1e-08,1e-10,30,200,6000,2,6000.0,1093072.0,0.17748891600058414,0.18144314600795042,0.1853973760153167,0.15961743750085589,0.00011172900849487633,0.004579417000059038,0.017134562498540618,12098.0,True,"[""0""]","[""The solver successfully reached the end of the integration interval.""]",7.98407324253958e-07,8.894334300180162e-07,-7.98407324253958e-07,"[0.0,60.0,0.0,0.0]","{""g"":9.81,""l1"":1.0,""l2"":1.0,""m1"":1.0,""m2"":1.0}","Strict RK45 candidate. Class design combines construction, lambdify, and solve timing. Repeat count reduced for longer app-like runs."
screenshot_like_simple_start,"Screenshot-like simple case [0, 60, 0, 0].",hamiltonian,dop853_moderate,DOP853,1e-06,1e-08,30,200,6000,2,6000.0,1093149.0,0.1097508340026252,0.11083314652205445,0.1119154590414837,0.08717543751117773,0.0001237084943568334,0.004383750012493692,0.01915025050402619,6083.0,True,"[""0""]","[""The solver successfully reached the end of the integration interval.""]",1.575378146156936e-06,5.95688017313023e-06,1.575378146156936e-06,"[0.0,60.0,0.0,0.0]","{""g"":9.81,""l1"":1.0,""l2"":1.0,""m1"":1.0,""m2"":1.0}","Moderate DOP853 candidate. Class design combines construction, lambdify, and solve timing. Repeat count reduced for longer app-like runs."
screenshot_like_simple_start,"Screenshot-like simple case [0, 60, 0, 0].",hamiltonian,dop853_strict,DOP853,1e-09,1e-11,30,200,6000,2,6000.0,1093090.0,0.17708833300275728,0.18367310347093735,0.19025787393911742,0.16037756198784336,0.0001153129996964708,0.004872165998676792,0.018308062484720722,12965.0,True,"[""0""]","[""The solver successfully reached the end of the integration interval.""]",4.4008174882037565e-10,1.3685689026488035e-08,-4.4008174882037565e-10,"[0.0,60.0,0.0,0.0]","{""g"":9.81,""l1"":1.0,""l2"":1.0,""m1"":1.0,""m2"":1.0}","Strict DOP853 candidate. Class design combines construction, lambdify, and solve timing. Repeat count reduced for longer app-like runs."
screenshot_like_simple_start,"Screenshot-like simple case [0, 60, 0, 0].",lagrangian,solve_ivp_default,solve_ivp_default,,,60,200,12000,2,12000.0,2179923.0,0.08754429197870195,0.09721806248126086,0.10689183298381977,0.051185167001676746,0.00019287498435005546,0.008375083489227109,0.03746493700600695,3446.0,True,"[""0""]","[""The solver successfully reached the end of the integration interval.""]",0.9813889552328376,1.2291274381414787,0.9813889552328376,"[0.0,60.0,0.0,0.0]","{""g"":9.81,""l1"":1.0,""l2"":1.0,""m1"":1.0,""m2"":1.0}","Negative baseline-risk policy. Class design combines construction, lambdify, and solve timing. Repeat count reduced for longer app-like runs."
screenshot_like_simple_start,"Screenshot-like simple case [0, 60, 0, 0].",lagrangian,rk45_strict,RK45,1e-08,1e-10,60,200,12000,2,12000.0,2183808.0,0.2577205419947859,0.2620798334974097,0.2664391250000335,0.2207389169925591,0.00018549949163571,0.007883583501097746,0.033271833512117155,24500.0,True,"[""0""]","[""The solver successfully reached the end of the integration interval.""]",9.277885801850516e-07,1.006722950336325e-06,-9.277885801850516e-07,"[0.0,60.0,0.0,0.0]","{""g"":9.81,""l1"":1.0,""l2"":1.0,""m1"":1.0,""m2"":1.0}","Strict RK45 candidate. Class design combines construction, lambdify, and solve timing. Repeat count reduced for longer app-like runs."
screenshot_like_simple_start,"Screenshot-like simple case [0, 60, 0, 0].",lagrangian,dop853_moderate,DOP853,1e-06,1e-08,60,200,12000,2,12000.0,2183885.0,0.16264812400913797,0.16555814500316046,0.16846816599718295,0.12065406249894295,0.00021456200920511037,0.00838216650299728,0.03630735399201512,14000.0,True,"[""0""]","[""The solver successfully reached the end of the integration interval.""]",0.000252669223876012,0.0002652223972532397,0.000252669223876012,"[0.0,60.0,0.0,0.0]","{""g"":9.81,""l1"":1.0,""l2"":1.0,""m1"":1.0,""m2"":1.0}","Moderate DOP853 candidate. Class design combines construction, lambdify, and solve timing. Repeat count reduced for longer app-like runs."
screenshot_like_simple_start,"Screenshot-like simple case [0, 60, 0, 0].",lagrangian,dop853_strict,DOP853,1e-09,1e-11,60,200,12000,2,12000.0,2183726.0,0.27070812502643093,0.27625820849789307,0.2818082919693552,0.2353081664914498,0.00019212500774301589,0.007809645991073921,0.03294827100762632,30275.0,True,"[""0""]","[""The solver successfully reached the end of the integration interval.""]",6.357758763897436e-10,1.3475823124053932e-08,6.357758763897436e-10,"[0.0,60.0,0.0,0.0]","{""g"":9.81,""l1"":1.0,""l2"":1.0,""m1"":1.0,""m2"":1.0}","Strict DOP853 candidate. Class design combines construction, lambdify, and solve timing. Repeat count reduced for longer app-like runs."
screenshot_like_simple_start,"Screenshot-like simple case [0, 60, 0, 0].",hamiltonian,solve_ivp_default,solve_ivp_default,,,60,200,12000,2,12000.0,2183838.0,0.09807408199412748,0.09809424898412544,0.0981144159741234,0.05709966649010312,0.0001966039853869006,0.0077806455083191395,0.033017333000316285,2912.0,True,"[""0""]","[""The solver successfully reached the end of the integration interval.""]",0.08109971656443093,0.15629823365474138,0.08109971656443093,"[0.0,60.0,0.0,0.0]","{""g"":9.81,""l1"":1.0,""l2"":1.0,""m1"":1.0,""m2"":1.0}","Negative baseline-risk policy. Class design combines construction, lambdify, and solve timing. Repeat count reduced for longer app-like runs."
screenshot_like_simple_start,"Screenshot-like simple case [0, 60, 0, 0].",hamiltonian,rk45_strict,RK45,1e-08,1e-10,60,200,12000,2,12000.0,2183890.0,0.3174790409684647,0.3176688534731511,0.3178586659778375,0.2762670419906499,0.0001992284960579127,0.008110812501399778,0.033091770485043526,24320.0,True,"[""0""]","[""The solver successfully reached the end of the integration interval.""]",1.5593095739063756e-06,1.7613234923885557e-06,-1.5593095739063756e-06,"[0.0,60.0,0.0,0.0]","{""g"":9.81,""l1"":1.0,""l2"":1.0,""m1"":1.0,""m2"":1.0}","Strict RK45 candidate. Class design combines construction, lambdify, and solve timing. Repeat count reduced for longer app-like runs."
screenshot_like_simple_start,"Screenshot-like simple case [0, 60, 0, 0].",hamiltonian,dop853_moderate,DOP853,1e-06,1e-08,60,200,12000,2,12000.0,2184041.0,0.1815958759689238,0.18197185498138424,0.1823478339938447,0.1406976874859538,0.0002325000095879659,0.007917437993455678,0.0331242294923868,12134.0,True,"[""0""]","[""The solver successfully reached the end of the integration interval.""]",2.0128413069642193e-07,7.6158823141270204e-06,-2.0128413069642193e-07,"[0.0,60.0,0.0,0.0]","{""g"":9.81,""l1"":1.0,""l2"":1.0,""m1"":1.0,""m2"":1.0}","Moderate DOP853 candidate. Class design combines construction, lambdify, and solve timing. Repeat count reduced for longer app-like runs."
screenshot_like_simple_start,"Screenshot-like simple case [0, 60, 0, 0].",hamiltonian,dop853_strict,DOP853,1e-09,1e-11,60,200,12000,2,12000.0,2183948.0,0.3058006239589304,0.3062328744708793,0.3066651249828283,0.26439808298891876,0.00020195850811433047,0.008224082994274795,0.03340874997957144,25784.0,True,"[""0""]","[""The solver successfully reached the end of the integration interval.""]",8.066010082075081e-10,1.459208220921937e-08,8.066010082075081e-10,"[0.0,60.0,0.0,0.0]","{""g"":9.81,""l1"":1.0,""l2"":1.0,""m1"":1.0,""m2"":1.0}","Strict DOP853 candidate. Class design combines construction, lambdify, and solve timing. Repeat count reduced for longer app-like runs."
nonzero_velocity_spirograph,Nonzero angular-velocity case using non-unity lengths and masses.,lagrangian,solve_ivp_default,solve_ivp_default,,,10,200,2000,3,2000.0,356596.0,0.03376270702574402,0.03511404196615331,0.04178975001559593,0.027622084016911685,4.8291985876858234e-05,0.0017837499908637255,0.00546758298878558,1268,True,"[""0""]","[""The solver successfully reached the end of the integration interval.""]",108.8680474332707,130.06642671863204,108.8680474332707,"[90.0,0.0,572.95,-458.37]","{""g"":9.81,""l1"":1.0,""l2"":1.5,""m1"":3.0,""m2"":1.0}","Negative baseline-risk policy. Class design combines construction, lambdify, and solve timing."
nonzero_velocity_spirograph,Nonzero angular-velocity case using non-unity lengths and masses.,lagrangian,rk45_strict,RK45,1e-08,1e-10,10,200,2000,3,2000.0,356589.0,0.08551183305098675,0.08577662595780566,0.12203758402029052,0.07877912500407547,5.012497422285378e-05,0.0012561249895952642,0.0054807089909445494,7772,True,"[""0""]","[""The solver successfully reached the end of the integration interval.""]",1.8272510146744025e-05,8.674946496967095e-05,1.8272510146744025e-05,"[90.0,0.0,572.95,-458.37]","{""g"":9.81,""l1"":1.0,""l2"":1.5,""m1"":3.0,""m2"":1.0}","Strict RK45 candidate. Class design combines construction, lambdify, and solve timing."
nonzero_velocity_spirograph,Nonzero angular-velocity case using non-unity lengths and masses.,lagrangian,dop853_moderate,DOP853,1e-06,1e-08,10,200,2000,3,2000.0,356618.0,0.06356020999373868,0.06367533400771208,0.06384691598941572,0.056507500004954636,4.975000047124922e-05,0.0015191670099738985,0.005425999988801777,5660,True,"[""0""]","[""The solver successfully reached the end of the integration interval.""]",0.010886094058548679,0.018375696658324614,0.010886094058548679,"[90.0,0.0,572.95,-458.37]","{""g"":9.81,""l1"":1.0,""l2"":1.5,""m1"":3.0,""m2"":1.0}","Moderate DOP853 candidate. Class design combines construction, lambdify, and solve timing."
nonzero_velocity_spirograph,Nonzero angular-velocity case using non-unity lengths and masses.,lagrangian,dop853_strict,DOP853,1e-09,1e-11,10,200,2000,3,2000.0,356655.0,0.1131598339707125,0.11323308301507495,0.11370475002331659,0.10609866699087434,5.2207993576303124e-05,0.0015672089939471334,0.005441749992314726,12662,True,"[""0""]","[""The solver successfully reached the end of the integration interval.""]",2.9791806355206063e-07,1.281467405078729e-06,-2.9791806355206063e-07,"[90.0,0.0,572.95,-458.37]","{""g"":9.81,""l1"":1.0,""l2"":1.5,""m1"":3.0,""m2"":1.0}","Strict DOP853 candidate. Class design combines construction, lambdify, and solve timing."
nonzero_velocity_spirograph,Nonzero angular-velocity case using non-unity lengths and masses.,hamiltonian,solve_ivp_default,solve_ivp_default,,,10,200,2000,3,2000.0,356637.0,0.04679104100796394,0.04787645803298801,0.05445454202708788,0.040067416994133964,4.7084002289921045e-05,0.0016514160088263452,0.005477583006722853,1172,True,"[""0""]","[""The solver successfully reached the end of the integration interval.""]",179.69870285368023,179.9579235266802,179.69870285368023,"[90.0,0.0,572.95,-458.37]","{""g"":9.81,""l1"":1.0,""l2"":1.5,""m1"":3.0,""m2"":1.0}","Negative baseline-risk policy. Class design combines construction, lambdify, and solve timing."
nonzero_velocity_spirograph,Nonzero angular-velocity case using non-unity lengths and masses.,hamiltonian,rk45_strict,RK45,1e-08,1e-10,10,200,2000,3,2000.0,356643.0,0.11006199999246746,0.11022991800564341,0.11099924898007885,0.10349408400361426,4.891600110568106e-05,0.0013054169830866158,0.005456207989482209,7580,True,"[""0""]","[""The solver successfully reached the end of the integration interval.""]",5.4147393711900804e-05,6.797050986051545e-05,-5.4147393711900804e-05,"[90.0,0.0,572.95,-458.37]","{""g"":9.81,""l1"":1.0,""l2"":1.5,""m1"":3.0,""m2"":1.0}","Strict RK45 candidate. Class design combines construction, lambdify, and solve timing."
nonzero_velocity_spirograph,Nonzero angular-velocity case using non-unity lengths and masses.,hamiltonian,dop853_moderate,DOP853,1e-06,1e-08,10,200,2000,3,2000.0,356587.0,0.07793624998885207,0.07833999901777133,0.08039191600983031,0.07073624999611638,5.037500523030758e-05,0.00177575001725927,0.005476999998791143,4532,True,"[""0""]","[""The solver successfully reached the end of the integration interval.""]",0.009237790120380396,0.01907187384426834,-0.009237790120380396,"[90.0,0.0,572.95,-458.37]","{""g"":9.81,""l1"":1.0,""l2"":1.5,""m1"":3.0,""m2"":1.0}","Moderate DOP853 candidate. Class design combines construction, lambdify, and solve timing."
nonzero_velocity_spirograph,Nonzero angular-velocity case using non-unity lengths and masses.,hamiltonian,dop853_strict,DOP853,1e-09,1e-11,10,200,2000,3,2000.0,356629.0,0.12844408399541862,0.12860262399772182,0.12892291694879532,0.12140054098563269,4.8707996029406786e-05,0.0016856250003911555,0.005432582984212786,10301,True,"[""0""]","[""The solver successfully reached the end of the integration interval.""]",4.466407403924677e-06,7.71625553852573e-06,-4.466407403924677e-06,"[90.0,0.0,572.95,-458.37]","{""g"":9.81,""l1"":1.0,""l2"":1.5,""m1"":3.0,""m2"":1.0}","Strict DOP853 candidate. Class design combines construction, lambdify, and solve timing."
nonzero_velocity_spirograph,Nonzero angular-velocity case using non-unity lengths and masses.,lagrangian,solve_ivp_default,solve_ivp_default,,,30,200,6000,2,6000.0,1072902.0,0.07112312605022453,0.0717653340252582,0.07240754200029187,0.050907708500744775,0.00013191701145842671,0.004178583505563438,0.01654712500749156,4376.0,True,"[""0""]","[""The solver successfully reached the end of the integration interval.""]",362.88771644376504,362.88771644376504,362.88771644376504,"[90.0,0.0,572.95,-458.37]","{""g"":9.81,""l1"":1.0,""l2"":1.5,""m1"":3.0,""m2"":1.0}","Negative baseline-risk policy. Class design combines construction, lambdify, and solve timing. Repeat count reduced for longer app-like runs."
nonzero_velocity_spirograph,Nonzero angular-velocity case using non-unity lengths and masses.,lagrangian,rk45_strict,RK45,1e-08,1e-10,30,200,6000,2,6000.0,1072501.0,0.22194120701169595,0.22209220750664826,0.22224320800160058,0.20127379150653724,0.0001312294916715473,0.004174978501396254,0.016512208007043228,23348.0,True,"[""0""]","[""The solver successfully reached the end of the integration interval.""]",5.3846785647237994e-05,0.0001441050205812644,5.3846785647237994e-05,"[90.0,0.0,572.95,-458.37]","{""g"":9.81,""l1"":1.0,""l2"":1.5,""m1"":3.0,""m2"":1.0}","Strict RK45 candidate. Class design combines construction, lambdify, and solve timing. Repeat count reduced for longer app-like runs."
nonzero_velocity_spirograph,Nonzero angular-velocity case using non-unity lengths and masses.,lagrangian,dop853_moderate,DOP853,1e-06,1e-08,30,200,6000,2,6000.0,1072486.0,0.15779441699851304,0.15848137548891827,0.1591683339793235,0.13747827098995913,0.00015370850451290607,0.004253999999491498,0.016595395994954742,17117.0,True,"[""0""]","[""The solver successfully reached the end of the integration interval.""]",0.026551942612684343,0.027233838674021627,0.026551942612684343,"[90.0,0.0,572.95,-458.37]","{""g"":9.81,""l1"":1.0,""l2"":1.5,""m1"":3.0,""m2"":1.0}","Moderate DOP853 candidate. Class design combines construction, lambdify, and solve timing. Repeat count reduced for longer app-like runs."
nonzero_velocity_spirograph,Nonzero angular-velocity case using non-unity lengths and masses.,lagrangian,dop853_strict,DOP853,1e-09,1e-11,30,200,6000,2,6000.0,1072569.0,0.30583533499157056,0.311084729997674,0.31633412500377744,0.2901335419883253,0.00012164600775577128,0.004164500001934357,0.01666504199965857,38135.0,True,"[""0""]","[""The solver successfully reached the end of the integration interval.""]",7.586339165754907e-07,1.4590183923246514e-06,-7.586339165754907e-07,"[90.0,0.0,572.95,-458.37]","{""g"":9.81,""l1"":1.0,""l2"":1.5,""m1"":3.0,""m2"":1.0}","Strict DOP853 candidate. Class design combines construction, lambdify, and solve timing. Repeat count reduced for longer app-like runs."
nonzero_velocity_spirograph,Nonzero angular-velocity case using non-unity lengths and masses.,hamiltonian,solve_ivp_default,solve_ivp_default,,,30,200,6000,2,6000.0,1071853.0,0.15243562299292535,0.15275181201286614,0.15306800103280693,0.131813771018642,0.00013970801956020296,0.004207686986774206,0.01659064598788973,10778.0,True,"[""0""]","[""The solver successfully reached the end of the integration interval.""]",264052.8809101423,264052.8809101423,264052.8809101423,"[90.0,0.0,572.95,-458.37]","{""g"":9.81,""l1"":1.0,""l2"":1.5,""m1"":3.0,""m2"":1.0}","Negative baseline-risk policy. Class design combines construction, lambdify, and solve timing. Repeat count reduced for longer app-like runs."
nonzero_velocity_spirograph,Nonzero angular-velocity case using non-unity lengths and masses.,hamiltonian,rk45_strict,RK45,1e-08,1e-10,30,200,6000,2,6000.0,1072440.0,0.27701216700370423,0.28656377049628645,0.29611537398886867,0.26462349950452335,0.00013452049461193383,0.004389083493151702,0.017416667003999464,22676.0,True,"[""0""]","[""The solver successfully reached the end of the integration interval.""]",0.0001629557357318845,0.00017846574291979778,-0.0001629557357318845,"[90.0,0.0,572.95,-458.37]","{""g"":9.81,""l1"":1.0,""l2"":1.5,""m1"":3.0,""m2"":1.0}","Strict RK45 candidate. Class design combines construction, lambdify, and solve timing. Repeat count reduced for longer app-like runs."
nonzero_velocity_spirograph,Nonzero angular-velocity case using non-unity lengths and masses.,hamiltonian,dop853_moderate,DOP853,1e-06,1e-08,30,200,6000,2,6000.0,1072477.0,0.17988737602718174,0.1811230839957716,0.18235879196436144,0.15975947950209957,0.00012187498214188963,0.004223979005473666,0.017017750506056473,13673.0,True,"[""0""]","[""The solver successfully reached the end of the integration interval.""]",0.01639575262714743,0.10882465425925147,0.01639575262714743,"[90.0,0.0,572.95,-458.37]","{""g"":9.81,""l1"":1.0,""l2"":1.5,""m1"":3.0,""m2"":1.0}","Moderate DOP853 candidate. Class design combines construction, lambdify, and solve timing. Repeat count reduced for longer app-like runs."
nonzero_velocity_spirograph,Nonzero angular-velocity case using non-unity lengths and masses.,hamiltonian,dop853_strict,DOP853,1e-09,1e-11,30,200,6000,2,6000.0,1072668.0,0.337274499994237,0.3567950415163068,0.37631558303837664,0.31794297900341917,0.00012320850510150194,0.021893646000535227,0.016835208007250912,31460.0,True,"[""0""]","[""The solver successfully reached the end of the integration interval.""]",0.00012520467367949095,0.00033133839900756357,0.00012520467367949095,"[90.0,0.0,572.95,-458.37]","{""g"":9.81,""l1"":1.0,""l2"":1.5,""m1"":3.0,""m2"":1.0}","Strict DOP853 candidate. Class design combines construction, lambdify, and solve timing. Repeat count reduced for longer app-like runs."
nonzero_velocity_spirograph,Nonzero angular-velocity case using non-unity lengths and masses.,lagrangian,solve_ivp_default,solve_ivp_default,,,60,200,12000,2,10810.0,1928781.0,0.8357255409937352,0.8487612499884563,0.8617969589831773,0.8114305829949444,0.00025602099776733667,0.007064979508868419,0.030009666486876085,115352.0,False,"[""-1""]","[""Required step size is less than spacing between numbers.""]",124696182156.99062,124696182156.99062,124696182156.99062,"[90.0,0.0,572.95,-458.37]","{""g"":9.81,""l1"":1.0,""l2"":1.5,""m1"":3.0,""m2"":1.0}","Negative baseline-risk policy. Class design combines construction, lambdify, and solve timing. Repeat count reduced for longer app-like runs."
nonzero_velocity_spirograph,Nonzero angular-velocity case using non-unity lengths and masses.,lagrangian,rk45_strict,RK45,1e-08,1e-10,60,200,12000,2,12000.0,2141229.0,0.4238068329868838,0.43221175049257,0.44061666799825616,0.38867495850718115,0.00024099998699966818,0.008373458505957387,0.03492233349243179,46772.0,True,"[""0""]","[""The solver successfully reached the end of the integration interval.""]",0.0001144434098137026,0.00019889676303819215,0.0001144434098137026,"[90.0,0.0,572.95,-458.37]","{""g"":9.81,""l1"":1.0,""l2"":1.5,""m1"":3.0,""m2"":1.0}","Strict RK45 candidate. Class design combines construction, lambdify, and solve timing. Repeat count reduced for longer app-like runs."
nonzero_velocity_spirograph,Nonzero angular-velocity case using non-unity lengths and masses.,lagrangian,dop853_moderate,DOP853,1e-06,1e-08,60,200,12000,2,12000.0,2141250.0,0.3484375409898348,0.34985983298975043,0.35128212498966604,0.3068023124942556,0.000267333016381599,0.008310520977829583,0.034479666501283646,34145.0,True,"[""0""]","[""The solver successfully reached the end of the integration interval.""]",0.07274842116623859,0.07283946195451563,0.07274842116623859,"[90.0,0.0,572.95,-458.37]","{""g"":9.81,""l1"":1.0,""l2"":1.5,""m1"":3.0,""m2"":1.0}","Moderate DOP853 candidate. Class design combines construction, lambdify, and solve timing. Repeat count reduced for longer app-like runs."
nonzero_velocity_spirograph,Nonzero angular-velocity case using non-unity lengths and masses.,lagrangian,dop853_strict,DOP853,1e-09,1e-11,60,200,12000,2,12000.0,2141421.0,0.6085216240026057,0.6101645620074123,0.611807500012219,0.5677175834862282,0.00026504151173867285,0.008055333004449494,0.0341266040049959,76055.0,True,"[""0""]","[""The solver successfully reached the end of the integration interval.""]",1.8890704041041317e-06,2.64356589241288e-06,-1.8890704041041317e-06,"[90.0,0.0,572.95,-458.37]","{""g"":9.81,""l1"":1.0,""l2"":1.5,""m1"":3.0,""m2"":1.0}","Strict DOP853 candidate. Class design combines construction, lambdify, and solve timing. Repeat count reduced for longer app-like runs."
nonzero_velocity_spirograph,Nonzero angular-velocity case using non-unity lengths and masses.,hamiltonian,solve_ivp_default,solve_ivp_default,,,60,200,12000,2,6205.0,1108344.0,0.9660337090317626,0.9688237299997127,0.9716137509676628,0.9460676879971288,0.0001781250030035153,0.00482431250566151,0.01775360449391883,98798.0,False,"[""-1""]","[""Required step size is less than spacing between numbers.""]",6886969618143.038,6886969618143.038,6886969618143.038,"[90.0,0.0,572.95,-458.37]","{""g"":9.81,""l1"":1.0,""l2"":1.5,""m1"":3.0,""m2"":1.0}","Negative baseline-risk policy. Class design combines construction, lambdify, and solve timing. Repeat count reduced for longer app-like runs."
nonzero_velocity_spirograph,Nonzero angular-velocity case using non-unity lengths and masses.,hamiltonian,rk45_strict,RK45,1e-08,1e-10,60,200,12000,2,12000.0,2141376.0,0.5387902930087876,0.5491998760116985,0.5596094590146095,0.506936042002053,0.00025616699713282287,0.008368666996830143,0.03363900001568254,45440.0,True,"[""0""]","[""The solver successfully reached the end of the integration interval.""]",0.000328066959411899,0.0003398235841132191,-0.000328066959411899,"[90.0,0.0,572.95,-458.37]","{""g"":9.81,""l1"":1.0,""l2"":1.5,""m1"":3.0,""m2"":1.0}","Strict RK45 candidate. Class design combines construction, lambdify, and solve timing. Repeat count reduced for longer app-like runs."
nonzero_velocity_spirograph,Nonzero angular-velocity case using non-unity lengths and masses.,hamiltonian,dop853_moderate,DOP853,1e-06,1e-08,60,200,12000,2,12000.0,2141421.0,0.3167106660257559,0.3224844160140492,0.3282581660023425,0.28148958350357134,0.0002520205016480759,0.007765999500406906,0.03297681250842288,27551.0,True,"[""0""]","[""The solver successfully reached the end of the integration interval.""]",0.005275260024404815,0.1090429190744544,0.005275260024404815,"[90.0,0.0,572.95,-458.37]","{""g"":9.81,""l1"":1.0,""l2"":1.5,""m1"":3.0,""m2"":1.0}","Moderate DOP853 candidate. Class design combines construction, lambdify, and solve timing. Repeat count reduced for longer app-like runs."
nonzero_velocity_spirograph,Nonzero angular-velocity case using non-unity lengths and masses.,hamiltonian,dop853_strict,DOP853,1e-09,1e-11,60,200,12000,2,12000.0,2141373.0,0.6449603750079405,0.6594892079883721,0.6740180409688037,0.6183607504935935,0.00025868701050058007,0.007883520491304807,0.03298624999297317,63584.0,True,"[""0""]","[""The solver successfully reached the end of the integration interval.""]",0.00011425563343436806,0.00034183853745162196,0.00011425563343436806,"[90.0,0.0,572.95,-458.37]","{""g"":9.81,""l1"":1.0,""l2"":1.5,""m1"":3.0,""m2"":1.0}","Strict DOP853 candidate. Class design combines construction, lambdify, and solve timing. Repeat count reduced for longer app-like runs."
higher_energy_wide_swing,Large separated angles plus nonzero velocities; more sensitive.,lagrangian,solve_ivp_default,solve_ivp_default,,,10,200,2000,3,2000.0,357061.0,0.029405583016341552,0.029519125004298985,0.031502333004027605,0.022559250006452203,4.5082997530698776e-05,0.0013980419898871332,0.005455875012557954,752,True,"[""0""]","[""The solver successfully reached the end of the integration interval.""]",3.8042621636063423,3.9983151316409646,3.8042621636063423,"[120.0,-120.0,120.0,-90.0]","{""g"":9.81,""l1"":1.0,""l2"":1.0,""m1"":1.0,""m2"":1.0}","Negative baseline-risk policy. Class design combines construction, lambdify, and solve timing."
higher_energy_wide_swing,Large separated angles plus nonzero velocities; more sensitive.,lagrangian,rk45_strict,RK45,1e-08,1e-10,10,200,2000,3,2000.0,356419.0,0.06079133300227113,0.060922958014998585,0.061048375006066635,0.05398100000456907,4.358301521278918e-05,0.0014672920224256814,0.005408750002970919,4730,True,"[""0""]","[""The solver successfully reached the end of the integration interval.""]",2.1337930178333409e-07,7.625298344748899e-06,-2.1337930178333409e-07,"[120.0,-120.0,120.0,-90.0]","{""g"":9.81,""l1"":1.0,""l2"":1.0,""m1"":1.0,""m2"":1.0}","Strict RK45 candidate. Class design combines construction, lambdify, and solve timing."
higher_energy_wide_swing,Large separated angles plus nonzero velocities; more sensitive.,lagrangian,dop853_moderate,DOP853,1e-06,1e-08,10,200,2000,3,2000.0,356511.0,0.043346709018805996,0.04348529200069606,0.04384416795801371,0.0365988340054173,4.445898230187595e-05,0.0013770000077784061,0.005420791974756867,2858,True,"[""0""]","[""The solver successfully reached the end of the integration interval.""]",0.001207115829959804,0.0017206427461111673,0.001207115829959804,"[120.0,-120.0,120.0,-90.0]","{""g"":9.81,""l1"":1.0,""l2"":1.0,""m1"":1.0,""m2"":1.0}","Moderate DOP853 candidate. Class design combines construction, lambdify, and solve timing."
higher_energy_wide_swing,Large separated angles plus nonzero velocities; more sensitive.,lagrangian,dop853_strict,DOP853,1e-09,1e-11,10,200,2000,3,2000.0,356406.0,0.06842883399804123,0.06843941696570255,0.06844854101655073,0.06150687500485219,4.474999150261283e-05,0.0013960000069346279,0.0054616249981336296,6407,True,"[""0""]","[""The solver successfully reached the end of the integration interval.""]",1.260264106406339e-07,2.6496367055983683e-07,-1.260264106406339e-07,"[120.0,-120.0,120.0,-90.0]","{""g"":9.81,""l1"":1.0,""l2"":1.0,""m1"":1.0,""m2"":1.0}","Strict DOP853 candidate. Class design combines construction, lambdify, and solve timing."
higher_energy_wide_swing,Large separated angles plus nonzero velocities; more sensitive.,hamiltonian,solve_ivp_default,solve_ivp_default,,,10,200,2000,3,2000.0,357117.0,0.04103845902136527,0.04104733298299834,0.042688957997597754,0.034141624986659735,4.429102409631014e-05,0.0014652080135419965,0.005421000008936971,674,True,"[""0""]","[""The solver successfully reached the end of the integration interval.""]",12.774309793493487,12.838172309440885,12.774309793493487,"[120.0,-120.0,120.0,-90.0]","{""g"":9.81,""l1"":1.0,""l2"":1.0,""m1"":1.0,""m2"":1.0}","Negative baseline-risk policy. Class design combines construction, lambdify, and solve timing."
higher_energy_wide_swing,Large separated angles plus nonzero velocities; more sensitive.,hamiltonian,rk45_strict,RK45,1e-08,1e-10,10,200,2000,3,2000.0,356437.0,0.07441312400624156,0.07451116800075397,0.07582408300368115,0.06756770901847631,4.741700831800699e-05,0.001530041015939787,0.005416957981651649,4022,True,"[""0""]","[""The solver successfully reached the end of the integration interval.""]",7.2119817957627674e-06,3.39207003001718e-05,-7.2119817957627674e-06,"[120.0,-120.0,120.0,-90.0]","{""g"":9.81,""l1"":1.0,""l2"":1.0,""m1"":1.0,""m2"":1.0}","Strict RK45 candidate. Class design combines construction, lambdify, and solve timing."
higher_energy_wide_swing,Large separated angles plus nonzero velocities; more sensitive.,hamiltonian,dop853_moderate,DOP853,1e-06,1e-08,10,200,2000,3,2000.0,356541.0,0.056704499991610646,0.057085542008280754,0.05784199998015538,0.04970187498838641,4.674997762776911e-05,0.0016662920243106782,0.005453874997328967,2408,True,"[""0""]","[""The solver successfully reached the end of the integration interval.""]",0.00015041090119893852,0.0003129300150916947,-0.00015041090119893852,"[120.0,-120.0,120.0,-90.0]","{""g"":9.81,""l1"":1.0,""l2"":1.0,""m1"":1.0,""m2"":1.0}","Moderate DOP853 candidate. Class design combines construction, lambdify, and solve timing."
higher_energy_wide_swing,Large separated angles plus nonzero velocities; more sensitive.,hamiltonian,dop853_strict,DOP853,1e-09,1e-11,10,200,2000,3,2000.0,356375.0,0.08032245803042315,0.08089608300360851,0.11291937599889934,0.07358620900777169,4.529199213720858e-05,0.0014611250080633909,0.005449874995974824,5042,True,"[""0""]","[""The solver successfully reached the end of the integration interval.""]",3.596584718934537e-08,5.337524200399457e-07,3.596584718934537e-08,"[120.0,-120.0,120.0,-90.0]","{""g"":9.81,""l1"":1.0,""l2"":1.0,""m1"":1.0,""m2"":1.0}","Strict DOP853 candidate. Class design combines construction, lambdify, and solve timing."
higher_energy_wide_swing,Large separated angles plus nonzero velocities; more sensitive.,lagrangian,solve_ivp_default,solve_ivp_default,,,30,200,6000,2,6000.0,1071369.0,0.05317495696363039,0.05373314498865511,0.05429133301367983,0.033460832986747846,0.00011068749881815165,0.003949958001612686,0.01621166650147643,2114.0,True,"[""0""]","[""The solver successfully reached the end of the integration interval.""]",13.999611238350504,14.410182823928686,13.999611238350504,"[120.0,-120.0,120.0,-90.0]","{""g"":9.81,""l1"":1.0,""l2"":1.0,""m1"":1.0,""m2"":1.0}","Negative baseline-risk policy. Class design combines construction, lambdify, and solve timing. Repeat count reduced for longer app-like runs."
higher_energy_wide_swing,Large separated angles plus nonzero velocities; more sensitive.,lagrangian,rk45_strict,RK45,1e-08,1e-10,30,200,6000,2,6000.0,1073191.0,0.15362945801462047,0.15593512503255624,0.15824079205049202,0.13499345850141253,0.00012520850577857345,0.0040382495208177716,0.016778208504547365,14768.0,True,"[""0""]","[""The solver successfully reached the end of the integration interval.""]",3.372751915975414e-06,1.134280192260917e-05,3.372751915975414e-06,"[120.0,-120.0,120.0,-90.0]","{""g"":9.81,""l1"":1.0,""l2"":1.0,""m1"":1.0,""m2"":1.0}","Strict RK45 candidate. Class design combines construction, lambdify, and solve timing. Repeat count reduced for longer app-like runs."
higher_energy_wide_swing,Large separated angles plus nonzero velocities; more sensitive.,lagrangian,dop853_moderate,DOP853,1e-06,1e-08,30,200,6000,2,6000.0,1071284.0,0.10647204102133401,0.10687383302138187,0.10727562502142973,0.08567943700472824,0.0001351670071016997,0.004251354010193609,0.01680787499935832,9542.0,True,"[""0""]","[""The solver successfully reached the end of the integration interval.""]",0.0017746860299681089,0.0030787588416103517,0.0017746860299681089,"[120.0,-120.0,120.0,-90.0]","{""g"":9.81,""l1"":1.0,""l2"":1.0,""m1"":1.0,""m2"":1.0}","Moderate DOP853 candidate. Class design combines construction, lambdify, and solve timing. Repeat count reduced for longer app-like runs."
higher_energy_wide_swing,Large separated angles plus nonzero velocities; more sensitive.,lagrangian,dop853_strict,DOP853,1e-09,1e-11,30,200,6000,2,6000.0,1072261.0,0.19215820799581707,0.19386937498347834,0.1955805419711396,0.17270720799569972,0.00014602098963223398,0.004193375003524125,0.01682277099462226,20894.0,True,"[""0""]","[""The solver successfully reached the end of the integration interval.""]",7.180115453309099e-07,8.838582878922807e-07,-7.180115453309099e-07,"[120.0,-120.0,120.0,-90.0]","{""g"":9.81,""l1"":1.0,""l2"":1.0,""m1"":1.0,""m2"":1.0}","Strict DOP853 candidate. Class design combines construction, lambdify, and solve timing. Repeat count reduced for longer app-like runs."
higher_energy_wide_swing,Large separated angles plus nonzero velocities; more sensitive.,hamiltonian,solve_ivp_default,solve_ivp_default,,,30,200,6000,2,6000.0,1077824.0,0.07506679100333713,0.07627285401395056,0.077478917024564,0.055724208505125716,0.0001128750154748559,0.004154291498707607,0.016281478994642384,2804.0,True,"[""0""]","[""The solver successfully reached the end of the integration interval.""]",37.4719400058082,40.064265494273066,37.4719400058082,"[120.0,-120.0,120.0,-90.0]","{""g"":9.81,""l1"":1.0,""l2"":1.0,""m1"":1.0,""m2"":1.0}","Negative baseline-risk policy. Class design combines construction, lambdify, and solve timing. Repeat count reduced for longer app-like runs."
higher_energy_wide_swing,Large separated angles plus nonzero velocities; more sensitive.,hamiltonian,rk45_strict,RK45,1e-08,1e-10,30,200,6000,2,6000.0,1075326.0,0.18055720801930875,0.18141893751453608,0.18228066700976342,0.1605529165099142,0.0001282500015804544,0.004192729000351392,0.016545042002690025,13394.0,True,"[""0""]","[""The solver successfully reached the end of the integration interval.""]",2.3531663757125898e-05,4.7203395212136456e-05,-2.3531663757125898e-05,"[120.0,-120.0,120.0,-90.0]","{""g"":9.81,""l1"":1.0,""l2"":1.0,""m1"":1.0,""m2"":1.0}","Strict RK45 candidate. Class design combines construction, lambdify, and solve timing. Repeat count reduced for longer app-like runs."
higher_energy_wide_swing,Large separated angles plus nonzero velocities; more sensitive.,hamiltonian,dop853_moderate,DOP853,1e-06,1e-08,30,200,6000,2,6000.0,1075122.0,0.1207814589724876,0.12125758349429816,0.12173370801610872,0.10041397900204174,0.00012785400031134486,0.004308624978875741,0.01640712551306933,7928.0,True,"[""0""]","[""The solver successfully reached the end of the integration interval.""]",0.0010349928407151765,0.0017551784397618064,-0.0010349928407151765,"[120.0,-120.0,120.0,-90.0]","{""g"":9.81,""l1"":1.0,""l2"":1.0,""m1"":1.0,""m2"":1.0}","Moderate DOP853 candidate. Class design combines construction, lambdify, and solve timing. Repeat count reduced for longer app-like runs."
higher_energy_wide_swing,Large separated angles plus nonzero velocities; more sensitive.,hamiltonian,dop853_strict,DOP853,1e-09,1e-11,30,200,6000,2,6000.0,1072482.0,0.1925197069940623,0.1925843744975282,0.1926490420009941,0.17215152049902827,0.0001159584935521707,0.003958479006541893,0.01635841649840586,15896.0,True,"[""0""]","[""The solver successfully reached the end of the integration interval.""]",1.7416245867707403e-07,1.2347779687615912e-06,-1.7416245867707403e-07,"[120.0,-120.0,120.0,-90.0]","{""g"":9.81,""l1"":1.0,""l2"":1.0,""m1"":1.0,""m2"":1.0}","Strict DOP853 candidate. Class design combines construction, lambdify, and solve timing. Repeat count reduced for longer app-like runs."
higher_energy_wide_swing,Large separated angles plus nonzero velocities; more sensitive.,lagrangian,solve_ivp_default,solve_ivp_default,,,60,200,12000,2,12000.0,2146858.0,0.09616191600798629,0.10049674901529215,0.10483158202259801,0.05951504148833919,0.00022947901743464172,0.007812791503965855,0.03293943700555246,4928.0,True,"[""0""]","[""The solver successfully reached the end of the integration interval.""]",34.21983289764789,35.27691264247335,34.21983289764789,"[120.0,-120.0,120.0,-90.0]","{""g"":9.81,""l1"":1.0,""l2"":1.0,""m1"":1.0,""m2"":1.0}","Negative baseline-risk policy. Class design combines construction, lambdify, and solve timing. Repeat count reduced for longer app-like runs."
higher_energy_wide_swing,Large separated angles plus nonzero velocities; more sensitive.,lagrangian,rk45_strict,RK45,1e-08,1e-10,60,200,12000,2,12000.0,2147914.0,0.30114645801950246,0.30225312503171153,0.3033597920439206,0.26122777099953964,0.00024518750433344394,0.00793402100680396,0.03284614552103449,31010.0,True,"[""0""]","[""The solver successfully reached the end of the integration interval.""]",1.0087982275308605e-05,1.5805539952395975e-05,1.0087982275308605e-05,"[120.0,-120.0,120.0,-90.0]","{""g"":9.81,""l1"":1.0,""l2"":1.0,""m1"":1.0,""m2"":1.0}","Strict RK45 candidate. Class design combines construction, lambdify, and solve timing. Repeat count reduced for longer app-like runs."
higher_energy_wide_swing,Large separated angles plus nonzero velocities; more sensitive.,lagrangian,dop853_moderate,DOP853,1e-06,1e-08,60,200,12000,2,12000.0,2137778.0,0.19487883296096697,0.19502793748688418,0.1951770420128014,0.15442754149262328,0.00025689600443001837,0.007830333488527685,0.0325131665013032,19526.0,True,"[""0""]","[""The solver successfully reached the end of the integration interval.""]",0.0013486223750653892,0.0033407451674989375,0.0013486223750653892,"[120.0,-120.0,120.0,-90.0]","{""g"":9.81,""l1"":1.0,""l2"":1.0,""m1"":1.0,""m2"":1.0}","Moderate DOP853 candidate. Class design combines construction, lambdify, and solve timing. Repeat count reduced for longer app-like runs."
higher_energy_wide_swing,Large separated angles plus nonzero velocities; more sensitive.,lagrangian,dop853_strict,DOP853,1e-09,1e-11,60,200,12000,2,12000.0,2151629.0,0.37314333298127167,0.37421637449006084,0.37528941599885,0.3318143539945595,0.00029183349397499114,0.008133666502544656,0.0339765204989817,43325.0,True,"[""0""]","[""The solver successfully reached the end of the integration interval.""]",1.2861321891932675e-06,1.3343354865469337e-06,-1.2861321891932675e-06,"[120.0,-120.0,120.0,-90.0]","{""g"":9.81,""l1"":1.0,""l2"":1.0,""m1"":1.0,""m2"":1.0}","Strict DOP853 candidate. Class design combines construction, lambdify, and solve timing. Repeat count reduced for longer app-like runs."
higher_energy_wide_swing,Large separated angles plus nonzero velocities; more sensitive.,hamiltonian,solve_ivp_default,solve_ivp_default,,,60,200,12000,2,12000.0,2155938.0,0.12090116593753919,0.12263560395513196,0.12437004197272472,0.08165164598904084,0.0002459170063957572,0.00788566647679545,0.032852374482899904,5354.0,True,"[""0""]","[""The solver successfully reached the end of the integration interval.""]",59.80638890149955,59.9554837541212,59.80638890149955,"[120.0,-120.0,120.0,-90.0]","{""g"":9.81,""l1"":1.0,""l2"":1.0,""m1"":1.0,""m2"":1.0}","Negative baseline-risk policy. Class design combines construction, lambdify, and solve timing. Repeat count reduced for longer app-like runs."
higher_energy_wide_swing,Large separated angles plus nonzero velocities; more sensitive.,hamiltonian,rk45_strict,RK45,1e-08,1e-10,60,200,12000,2,12000.0,2149851.0,0.3435865400242619,0.34569097800704185,0.3477954159898218,0.30468856199877337,0.00024645798839628696,0.007978041510796174,0.03277791650907602,27434.0,True,"[""0""]","[""The solver successfully reached the end of the integration interval.""]",6.0395854312389474e-05,9.854129425690417e-05,-6.0395854312389474e-05,"[120.0,-120.0,120.0,-90.0]","{""g"":9.81,""l1"":1.0,""l2"":1.0,""m1"":1.0,""m2"":1.0}","Strict RK45 candidate. Class design combines construction, lambdify, and solve timing. Repeat count reduced for longer app-like runs."
higher_energy_wide_swing,Large separated angles plus nonzero velocities; more sensitive.,hamiltonian,dop853_moderate,DOP853,1e-06,1e-08,60,200,12000,2,12000.0,2150906.0,0.2260899170069024,0.22759970849438105,0.2291094999818597,0.18547072900400963,0.00025168751017190516,0.0082883959839819,0.033588895996217616,15602.0,True,"[""0""]","[""The solver successfully reached the end of the integration interval.""]",0.0020995448866045763,0.003410595353127377,-0.0020995448866045763,"[120.0,-120.0,120.0,-90.0]","{""g"":9.81,""l1"":1.0,""l2"":1.0,""m1"":1.0,""m2"":1.0}","Moderate DOP853 candidate. Class design combines construction, lambdify, and solve timing. Repeat count reduced for longer app-like runs."
higher_energy_wide_swing,Large separated angles plus nonzero velocities; more sensitive.,hamiltonian,dop853_strict,DOP853,1e-09,1e-11,60,200,12000,2,12000.0,2147657.0,0.43137341699912213,0.44278812600532547,0.4542028350115288,0.3808508755173534,0.0002882919943658635,0.02721587500127498,0.03443308349233121,35339.0,True,"[""0""]","[""The solver successfully reached the end of the integration interval.""]",4.15128283748345e-07,2.0736366010964957e-06,-4.15128283748345e-07,"[120.0,-120.0,120.0,-90.0]","{""g"":9.81,""l1"":1.0,""l2"":1.0,""m1"":1.0,""m2"":1.0}","Strict DOP853 candidate. Class design combines construction, lambdify, and solve timing. Repeat count reduced for longer app-like runs."
