case_name,case_description,formulation,solver_config,solver_method,rtol,atol,duration_s,sample_count,sample_rate_hz,repeat_count,min_runtime_s,median_runtime_s,max_runtime_s,min_nfev,median_nfev,max_nfev,solver_success_all,solver_statuses,solver_messages,median_final_abs_energy_drift,median_max_abs_energy_drift,last_final_energy_drift,max_angular_drift_vs_reference_rad,initial_conditions_user_units,parameters,notes
low_energy_small_angles,Small angles released from rest; comparatively benign.,lagrangian,solve_ivp_default,solve_ivp_default,,,5,1000,200,3,0.018038916983641684,0.018355665990384296,0.01912829201319255,110,110,110,True,"[""0""]","[""The solver successfully reached the end of the integration interval.""]",9.115457027064622e-05,9.83191223795643e-05,-9.115457027064622e-05,,"[5.0,7.0,0.0,0.0]","{""g"":9.81,""l1"":1.0,""l2"":1.0,""m1"":1.0,""m2"":1.0}",Current default solve_ivp behavior. Accuracy reference not computed in this cost benchmark; use drift logs for L/H agreement.
low_energy_small_angles,Small angles released from rest; comparatively benign.,lagrangian,rk45_moderate,RK45,1e-06,1e-08,5,1000,200,3,0.02074420900316909,0.020889292005449533,0.020891499996650964,386,386,386,True,"[""0""]","[""The solver successfully reached the end of the integration interval.""]",4.4446241176387957e-07,4.4446241176387957e-07,-4.4446241176387957e-07,,"[5.0,7.0,0.0,0.0]","{""g"":9.81,""l1"":1.0,""l2"":1.0,""m1"":1.0,""m2"":1.0}",Moderate RK45 tolerance candidate. Accuracy reference not computed in this cost benchmark; use drift logs for L/H agreement.
low_energy_small_angles,Small angles released from rest; comparatively benign.,lagrangian,rk45_strict,RK45,1e-08,1e-10,5,1000,200,3,0.02550470898859203,0.02555975000723265,0.02632370899664238,896,896,896,True,"[""0""]","[""The solver successfully reached the end of the integration interval.""]",4.393235997213196e-09,4.393235997213196e-09,-4.393235997213196e-09,,"[5.0,7.0,0.0,0.0]","{""g"":9.81,""l1"":1.0,""l2"":1.0,""m1"":1.0,""m2"":1.0}",Strict RK45 tolerance candidate. Accuracy reference not computed in this cost benchmark; use drift logs for L/H agreement.
low_energy_small_angles,Small angles released from rest; comparatively benign.,lagrangian,dop853_moderate,DOP853,1e-06,1e-08,5,1000,200,3,0.01995999997598119,0.020016417023725808,0.020118249987717718,293,293,293,True,"[""0""]","[""The solver successfully reached the end of the integration interval.""]",3.468278109153289e-08,3.789742457627199e-07,-3.468278109153289e-08,,"[5.0,7.0,0.0,0.0]","{""g"":9.81,""l1"":1.0,""l2"":1.0,""m1"":1.0,""m2"":1.0}",Moderate DOP853 tolerance candidate. Accuracy reference not computed in this cost benchmark; use drift logs for L/H agreement.
low_energy_small_angles,Small angles released from rest; comparatively benign.,lagrangian,dop853_strict,DOP853,1e-09,1e-11,5,1000,200,3,0.022627458994975314,0.022711083001922816,0.022857750009279698,653,653,653,True,"[""0""]","[""The solver successfully reached the end of the integration interval.""]",9.308109838457312e-12,4.2220094087497273e-10,-9.308109838457312e-12,,"[5.0,7.0,0.0,0.0]","{""g"":9.81,""l1"":1.0,""l2"":1.0,""m1"":1.0,""m2"":1.0}",Strict DOP853 tolerance candidate. Accuracy reference not computed in this cost benchmark; use drift logs for L/H agreement.
low_energy_small_angles,Small angles released from rest; comparatively benign.,hamiltonian,solve_ivp_default,solve_ivp_default,,,5,1000,200,3,0.030921082972781733,0.031008083024062216,0.03228149999631569,98,98,98,True,"[""0""]","[""The solver successfully reached the end of the integration interval.""]",5.335610567769322e-05,0.00010071286708779326,-5.335610567769322e-05,,"[5.0,7.0,0.0,0.0]","{""g"":9.81,""l1"":1.0,""l2"":1.0,""m1"":1.0,""m2"":1.0}",Current default solve_ivp behavior. Accuracy reference not computed in this cost benchmark; use drift logs for L/H agreement.
low_energy_small_angles,Small angles released from rest; comparatively benign.,hamiltonian,rk45_moderate,RK45,1e-06,1e-08,5,1000,200,3,0.03349220802192576,0.03367858301498927,0.03419683300307952,398,398,398,True,"[""0""]","[""The solver successfully reached the end of the integration interval.""]",4.7276252601591295e-07,4.7276252601591295e-07,-4.7276252601591295e-07,,"[5.0,7.0,0.0,0.0]","{""g"":9.81,""l1"":1.0,""l2"":1.0,""m1"":1.0,""m2"":1.0}",Moderate RK45 tolerance candidate. Accuracy reference not computed in this cost benchmark; use drift logs for L/H agreement.
low_energy_small_angles,Small angles released from rest; comparatively benign.,hamiltonian,rk45_strict,RK45,1e-08,1e-10,5,1000,200,3,0.038770792016293854,0.039462083019316196,0.03997783301747404,890,890,890,True,"[""0""]","[""The solver successfully reached the end of the integration interval.""]",4.817461984885085e-09,4.817461984885085e-09,-4.817461984885085e-09,,"[5.0,7.0,0.0,0.0]","{""g"":9.81,""l1"":1.0,""l2"":1.0,""m1"":1.0,""m2"":1.0}",Strict RK45 tolerance candidate. Accuracy reference not computed in this cost benchmark; use drift logs for L/H agreement.
low_energy_small_angles,Small angles released from rest; comparatively benign.,hamiltonian,dop853_moderate,DOP853,1e-06,1e-08,5,1000,200,3,0.031367999996291474,0.03140145799261518,0.032040457997936755,251,251,251,True,"[""0""]","[""The solver successfully reached the end of the integration interval.""]",6.937904473147682e-08,5.435381922325178e-07,-6.937904473147682e-08,,"[5.0,7.0,0.0,0.0]","{""g"":9.81,""l1"":1.0,""l2"":1.0,""m1"":1.0,""m2"":1.0}",Moderate DOP853 tolerance candidate. Accuracy reference not computed in this cost benchmark; use drift logs for L/H agreement.
low_energy_small_angles,Small angles released from rest; comparatively benign.,hamiltonian,dop853_strict,DOP853,1e-09,1e-11,5,1000,200,3,0.033810207998612896,0.03386316599790007,0.0347791250096634,533,533,533,True,"[""0""]","[""The solver successfully reached the end of the integration interval.""]",2.709654722821142e-11,4.818048182642087e-10,-2.709654722821142e-11,,"[5.0,7.0,0.0,0.0]","{""g"":9.81,""l1"":1.0,""l2"":1.0,""m1"":1.0,""m2"":1.0}",Strict DOP853 tolerance candidate. Accuracy reference not computed in this cost benchmark; use drift logs for L/H agreement.
low_energy_small_angles,Small angles released from rest; comparatively benign.,lagrangian,solve_ivp_default,solve_ivp_default,,,10,2000,200,3,0.019482375006191432,0.019604417000664398,0.05464895800105296,206,206,206,True,"[""0""]","[""The solver successfully reached the end of the integration interval.""]",0.00018369915466109887,0.00018369915466109887,-0.00018369915466109887,,"[5.0,7.0,0.0,0.0]","{""g"":9.81,""l1"":1.0,""l2"":1.0,""m1"":1.0,""m2"":1.0}",Current default solve_ivp behavior. Accuracy reference not computed in this cost benchmark; use drift logs for L/H agreement.
low_energy_small_angles,Small angles released from rest; comparatively benign.,lagrangian,rk45_moderate,RK45,1e-06,1e-08,10,2000,200,3,0.023925709014292806,0.024098207999486476,0.024442249996354803,782,782,782,True,"[""0""]","[""The solver successfully reached the end of the integration interval.""]",8.875728880752831e-07,8.875728880752831e-07,-8.875728880752831e-07,,"[5.0,7.0,0.0,0.0]","{""g"":9.81,""l1"":1.0,""l2"":1.0,""m1"":1.0,""m2"":1.0}",Moderate RK45 tolerance candidate. Accuracy reference not computed in this cost benchmark; use drift logs for L/H agreement.
low_energy_small_angles,Small angles released from rest; comparatively benign.,lagrangian,rk45_strict,RK45,1e-08,1e-10,10,2000,200,3,0.03300120899803005,0.03309445900958963,0.0341164999990724,1772,1772,1772,True,"[""0""]","[""The solver successfully reached the end of the integration interval.""]",8.780268956343207e-09,8.780268956343207e-09,-8.780268956343207e-09,,"[5.0,7.0,0.0,0.0]","{""g"":9.81,""l1"":1.0,""l2"":1.0,""m1"":1.0,""m2"":1.0}",Strict RK45 tolerance candidate. Accuracy reference not computed in this cost benchmark; use drift logs for L/H agreement.
low_energy_small_angles,Small angles released from rest; comparatively benign.,lagrangian,dop853_moderate,DOP853,1e-06,1e-08,10,2000,200,3,0.0230685000133235,0.02320349999354221,0.024989750003442168,527,527,527,True,"[""0""]","[""The solver successfully reached the end of the integration interval.""]",5.7205379988545246e-08,3.7945746100831457e-07,-5.7205379988545246e-08,,"[5.0,7.0,0.0,0.0]","{""g"":9.81,""l1"":1.0,""l2"":1.0,""m1"":1.0,""m2"":1.0}",Moderate DOP853 tolerance candidate. Accuracy reference not computed in this cost benchmark; use drift logs for L/H agreement.
low_energy_small_angles,Small angles released from rest; comparatively benign.,lagrangian,dop853_strict,DOP853,1e-09,1e-11,10,2000,200,3,0.02835429197875783,0.02901908301282674,0.02912175000528805,1301,1301,1301,True,"[""0""]","[""The solver successfully reached the end of the integration interval.""]",2.084732386720134e-11,5.377920331284258e-10,-2.084732386720134e-11,,"[5.0,7.0,0.0,0.0]","{""g"":9.81,""l1"":1.0,""l2"":1.0,""m1"":1.0,""m2"":1.0}",Strict DOP853 tolerance candidate. Accuracy reference not computed in this cost benchmark; use drift logs for L/H agreement.
low_energy_small_angles,Small angles released from rest; comparatively benign.,hamiltonian,solve_ivp_default,solve_ivp_default,,,10,2000,200,3,0.03354995799600147,0.03359124998678453,0.03383341699372977,188,188,188,True,"[""0""]","[""The solver successfully reached the end of the integration interval.""]",0.00010489599714702535,0.0001067128387326477,-0.00010489599714702535,,"[5.0,7.0,0.0,0.0]","{""g"":9.81,""l1"":1.0,""l2"":1.0,""m1"":1.0,""m2"":1.0}",Current default solve_ivp behavior. Accuracy reference not computed in this cost benchmark; use drift logs for L/H agreement.
low_energy_small_angles,Small angles released from rest; comparatively benign.,hamiltonian,rk45_moderate,RK45,1e-06,1e-08,10,2000,200,3,0.038531458005309105,0.039219708007294685,0.04028979199938476,800,800,800,True,"[""0""]","[""The solver successfully reached the end of the integration interval.""]",9.587124054633023e-07,9.587124054633023e-07,-9.587124054633023e-07,,"[5.0,7.0,0.0,0.0]","{""g"":9.81,""l1"":1.0,""l2"":1.0,""m1"":1.0,""m2"":1.0}",Moderate RK45 tolerance candidate. Accuracy reference not computed in this cost benchmark; use drift logs for L/H agreement.
low_energy_small_angles,Small angles released from rest; comparatively benign.,hamiltonian,rk45_strict,RK45,1e-08,1e-10,10,2000,200,3,0.04888204199960455,0.04911362499115057,0.05133083398686722,1784,1784,1784,True,"[""0""]","[""The solver successfully reached the end of the integration interval.""]",9.591392569063828e-09,9.591392569063828e-09,-9.591392569063828e-09,,"[5.0,7.0,0.0,0.0]","{""g"":9.81,""l1"":1.0,""l2"":1.0,""m1"":1.0,""m2"":1.0}",Strict RK45 tolerance candidate. Accuracy reference not computed in this cost benchmark; use drift logs for L/H agreement.
low_energy_small_angles,Small angles released from rest; comparatively benign.,hamiltonian,dop853_moderate,DOP853,1e-06,1e-08,10,2000,200,3,0.034818500018445775,0.03491387498797849,0.03508120801416226,458,458,458,True,"[""0""]","[""The solver successfully reached the end of the integration interval.""]",1.3396776665786092e-07,6.361642235219733e-07,-1.3396776665786092e-07,,"[5.0,7.0,0.0,0.0]","{""g"":9.81,""l1"":1.0,""l2"":1.0,""m1"":1.0,""m2"":1.0}",Moderate DOP853 tolerance candidate. Accuracy reference not computed in this cost benchmark; use drift logs for L/H agreement.
low_energy_small_angles,Small angles released from rest; comparatively benign.,hamiltonian,dop853_strict,DOP853,1e-09,1e-11,10,2000,200,3,0.03918591601541266,0.03963129100156948,0.03986495899152942,1019,1019,1019,True,"[""0""]","[""The solver successfully reached the end of the integration interval.""]",5.3930193644191604e-11,6.076028569168557e-10,-5.3930193644191604e-11,,"[5.0,7.0,0.0,0.0]","{""g"":9.81,""l1"":1.0,""l2"":1.0,""m1"":1.0,""m2"":1.0}",Strict DOP853 tolerance candidate. Accuracy reference not computed in this cost benchmark; use drift logs for L/H agreement.
low_energy_small_angles,Small angles released from rest; comparatively benign.,lagrangian,solve_ivp_default,solve_ivp_default,,,30,6000,200,2,0.023528416990302503,0.0242521040054271,0.024975791020551696,698,698.0,698,True,"[""0""]","[""The solver successfully reached the end of the integration interval.""]",0.0004409828652214287,0.0004409828652214287,-0.0004409828652214287,,"[5.0,7.0,0.0,0.0]","{""g"":9.81,""l1"":1.0,""l2"":1.0,""m1"":1.0,""m2"":1.0}",Current default solve_ivp behavior. Repeat count reduced for longer app-relevance runs. Accuracy reference not computed in this cost benchmark; use drift logs for L/H agreement.
low_energy_small_angles,Small angles released from rest; comparatively benign.,lagrangian,rk45_moderate,RK45,1e-06,1e-08,30,6000,200,2,0.03619016602169722,0.036633062016335316,0.03707595801097341,2300,2300.0,2300,True,"[""0""]","[""The solver successfully reached the end of the integration interval.""]",2.7068977317412646e-06,2.7068977317412646e-06,-2.7068977317412646e-06,,"[5.0,7.0,0.0,0.0]","{""g"":9.81,""l1"":1.0,""l2"":1.0,""m1"":1.0,""m2"":1.0}",Moderate RK45 tolerance candidate. Repeat count reduced for longer app-relevance runs. Accuracy reference not computed in this cost benchmark; use drift logs for L/H agreement.
low_energy_small_angles,Small angles released from rest; comparatively benign.,lagrangian,rk45_strict,RK45,1e-08,1e-10,30,6000,200,2,0.06029866699827835,0.06104685449099634,0.06179504198371433,5306,5306.0,5306,True,"[""0""]","[""The solver successfully reached the end of the integration interval.""]",2.673209564818535e-08,2.673209564818535e-08,-2.673209564818535e-08,,"[5.0,7.0,0.0,0.0]","{""g"":9.81,""l1"":1.0,""l2"":1.0,""m1"":1.0,""m2"":1.0}",Strict RK45 tolerance candidate. Repeat count reduced for longer app-relevance runs. Accuracy reference not computed in this cost benchmark; use drift logs for L/H agreement.
low_energy_small_angles,Small angles released from rest; comparatively benign.,lagrangian,dop853_moderate,DOP853,1e-06,1e-08,30,6000,200,2,0.029570624988991767,0.030901479491149075,0.032232333993306383,1544,1544.0,1544,True,"[""0""]","[""The solver successfully reached the end of the integration interval.""]",1.581263262551147e-07,4.5294250838878725e-07,-1.581263262551147e-07,,"[5.0,7.0,0.0,0.0]","{""g"":9.81,""l1"":1.0,""l2"":1.0,""m1"":1.0,""m2"":1.0}",Moderate DOP853 tolerance candidate. Repeat count reduced for longer app-relevance runs. Accuracy reference not computed in this cost benchmark; use drift logs for L/H agreement.
low_energy_small_angles,Small angles released from rest; comparatively benign.,lagrangian,dop853_strict,DOP853,1e-09,1e-11,30,6000,200,2,0.04485016700346023,0.04507360450224951,0.04529704200103879,3674,3674.0,3674,True,"[""0""]","[""The solver successfully reached the end of the integration interval.""]",7.110045885383443e-11,5.67332847367652e-10,-7.110045885383443e-11,,"[5.0,7.0,0.0,0.0]","{""g"":9.81,""l1"":1.0,""l2"":1.0,""m1"":1.0,""m2"":1.0}",Strict DOP853 tolerance candidate. Repeat count reduced for longer app-relevance runs. Accuracy reference not computed in this cost benchmark; use drift logs for L/H agreement.
low_energy_small_angles,Small angles released from rest; comparatively benign.,hamiltonian,solve_ivp_default,solve_ivp_default,,,30,6000,200,2,0.035866958991391584,0.03618839599948842,0.03650983300758526,632,632.0,632,True,"[""0""]","[""The solver successfully reached the end of the integration interval.""]",0.00010605247760508973,0.00012460325294227914,0.00010605247760508973,,"[5.0,7.0,0.0,0.0]","{""g"":9.81,""l1"":1.0,""l2"":1.0,""m1"":1.0,""m2"":1.0}",Current default solve_ivp behavior. Repeat count reduced for longer app-relevance runs. Accuracy reference not computed in this cost benchmark; use drift logs for L/H agreement.
low_energy_small_angles,Small angles released from rest; comparatively benign.,hamiltonian,rk45_moderate,RK45,1e-06,1e-08,30,6000,200,2,0.052749333990504965,0.053107729501789436,0.053466125013073906,2396,2396.0,2396,True,"[""0""]","[""The solver successfully reached the end of the integration interval.""]",2.8963808809123748e-06,2.8963808809123748e-06,-2.8963808809123748e-06,,"[5.0,7.0,0.0,0.0]","{""g"":9.81,""l1"":1.0,""l2"":1.0,""m1"":1.0,""m2"":1.0}",Moderate RK45 tolerance candidate. Repeat count reduced for longer app-relevance runs. Accuracy reference not computed in this cost benchmark; use drift logs for L/H agreement.
low_energy_small_angles,Small angles released from rest; comparatively benign.,hamiltonian,rk45_strict,RK45,1e-08,1e-10,30,6000,200,2,0.08416025000042282,0.0861562914942624,0.08815233298810199,5336,5336.0,5336,True,"[""0""]","[""The solver successfully reached the end of the integration interval.""]",2.909361995762083e-08,2.909361995762083e-08,-2.909361995762083e-08,,"[5.0,7.0,0.0,0.0]","{""g"":9.81,""l1"":1.0,""l2"":1.0,""m1"":1.0,""m2"":1.0}",Strict RK45 tolerance candidate. Repeat count reduced for longer app-relevance runs. Accuracy reference not computed in this cost benchmark; use drift logs for L/H agreement.
low_energy_small_angles,Small angles released from rest; comparatively benign.,hamiltonian,dop853_moderate,DOP853,1e-06,1e-08,30,6000,200,2,0.041914875007933006,0.042464604004635476,0.043014333001337945,1310,1310.0,1310,True,"[""0""]","[""The solver successfully reached the end of the integration interval.""]",4.054621278726245e-07,8.639030646406809e-07,-4.054621278726245e-07,,"[5.0,7.0,0.0,0.0]","{""g"":9.81,""l1"":1.0,""l2"":1.0,""m1"":1.0,""m2"":1.0}",Moderate DOP853 tolerance candidate. Repeat count reduced for longer app-relevance runs. Accuracy reference not computed in this cost benchmark; use drift logs for L/H agreement.
low_energy_small_angles,Small angles released from rest; comparatively benign.,hamiltonian,dop853_strict,DOP853,1e-09,1e-11,30,6000,200,2,0.05698949997895397,0.05723231247975491,0.05747512498055585,2930,2930.0,2930,True,"[""0""]","[""The solver successfully reached the end of the integration interval.""]",1.659081760863046e-10,6.893152715292672e-10,-1.659081760863046e-10,,"[5.0,7.0,0.0,0.0]","{""g"":9.81,""l1"":1.0,""l2"":1.0,""m1"":1.0,""m2"":1.0}",Strict DOP853 tolerance candidate. Repeat count reduced for longer app-relevance runs. Accuracy reference not computed in this cost benchmark; use drift logs for L/H agreement.
low_energy_small_angles,Small angles released from rest; comparatively benign.,lagrangian,solve_ivp_default,solve_ivp_default,,,60,12000,200,2,0.03051016601966694,0.03148087451700121,0.03245158301433548,1526,1526.0,1526,True,"[""0""]","[""The solver successfully reached the end of the integration interval.""]",0.0005906051543398405,0.0005906051543398405,-0.0005906051543398405,,"[5.0,7.0,0.0,0.0]","{""g"":9.81,""l1"":1.0,""l2"":1.0,""m1"":1.0,""m2"":1.0}",Current default solve_ivp behavior. Repeat count reduced for longer app-relevance runs. Accuracy reference not computed in this cost benchmark; use drift logs for L/H agreement.
low_energy_small_angles,Small angles released from rest; comparatively benign.,lagrangian,rk45_moderate,RK45,1e-06,1e-08,60,12000,200,2,0.05452375000459142,0.05489266700169537,0.055261583998799324,4646,4646.0,4646,True,"[""0""]","[""The solver successfully reached the end of the integration interval.""]",5.370253585823548e-06,5.370253585823548e-06,-5.370253585823548e-06,,"[5.0,7.0,0.0,0.0]","{""g"":9.81,""l1"":1.0,""l2"":1.0,""m1"":1.0,""m2"":1.0}",Moderate RK45 tolerance candidate. Repeat count reduced for longer app-relevance runs. Accuracy reference not computed in this cost benchmark; use drift logs for L/H agreement.
low_energy_small_angles,Small angles released from rest; comparatively benign.,lagrangian,rk45_strict,RK45,1e-08,1e-10,60,12000,200,2,0.10456116599380039,0.10494152050523553,0.10532187501667067,10634,10634.0,10634,True,"[""0""]","[""The solver successfully reached the end of the integration interval.""]",5.320186602375543e-08,5.320186602375543e-08,-5.320186602375543e-08,,"[5.0,7.0,0.0,0.0]","{""g"":9.81,""l1"":1.0,""l2"":1.0,""m1"":1.0,""m2"":1.0}",Strict RK45 tolerance candidate. Repeat count reduced for longer app-relevance runs. Accuracy reference not computed in this cost benchmark; use drift logs for L/H agreement.
low_energy_small_angles,Small angles released from rest; comparatively benign.,lagrangian,dop853_moderate,DOP853,1e-06,1e-08,60,12000,200,2,0.04160250001586974,0.04194068751530722,0.0422788750147447,3131,3131.0,3131,True,"[""0""]","[""The solver successfully reached the end of the integration interval.""]",3.047916301568421e-07,5.765419324177401e-07,-3.047916301568421e-07,,"[5.0,7.0,0.0,0.0]","{""g"":9.81,""l1"":1.0,""l2"":1.0,""m1"":1.0,""m2"":1.0}",Moderate DOP853 tolerance candidate. Repeat count reduced for longer app-relevance runs. Accuracy reference not computed in this cost benchmark; use drift logs for L/H agreement.
low_energy_small_angles,Small angles released from rest; comparatively benign.,lagrangian,dop853_strict,DOP853,1e-09,1e-11,60,12000,200,2,0.07158712498494424,0.07173360399610829,0.07188008300727233,7373,7373.0,7373,True,"[""0""]","[""The solver successfully reached the end of the integration interval.""]",1.36143540885314e-10,6.244711414638004e-10,-1.36143540885314e-10,,"[5.0,7.0,0.0,0.0]","{""g"":9.81,""l1"":1.0,""l2"":1.0,""m1"":1.0,""m2"":1.0}",Strict DOP853 tolerance candidate. Repeat count reduced for longer app-relevance runs. Accuracy reference not computed in this cost benchmark; use drift logs for L/H agreement.
low_energy_small_angles,Small angles released from rest; comparatively benign.,hamiltonian,solve_ivp_default,solve_ivp_default,,,60,12000,200,2,0.04367825001827441,0.04424685450794641,0.04481545899761841,1436,1436.0,1436,True,"[""0""]","[""The solver successfully reached the end of the integration interval.""]",0.0010173008415925722,0.0010314228593557573,0.0010173008415925722,,"[5.0,7.0,0.0,0.0]","{""g"":9.81,""l1"":1.0,""l2"":1.0,""m1"":1.0,""m2"":1.0}",Current default solve_ivp behavior. Repeat count reduced for longer app-relevance runs. Accuracy reference not computed in this cost benchmark; use drift logs for L/H agreement.
low_energy_small_angles,Small angles released from rest; comparatively benign.,hamiltonian,rk45_moderate,RK45,1e-06,1e-08,60,12000,200,2,0.07726525000180118,0.07736781249695923,0.07747037499211729,4760,4760.0,4760,True,"[""0""]","[""The solver successfully reached the end of the integration interval.""]",5.7869518279574095e-06,5.7869518279574095e-06,-5.7869518279574095e-06,,"[5.0,7.0,0.0,0.0]","{""g"":9.81,""l1"":1.0,""l2"":1.0,""m1"":1.0,""m2"":1.0}",Moderate RK45 tolerance candidate. Repeat count reduced for longer app-relevance runs. Accuracy reference not computed in this cost benchmark; use drift logs for L/H agreement.
low_energy_small_angles,Small angles released from rest; comparatively benign.,hamiltonian,rk45_strict,RK45,1e-08,1e-10,60,12000,200,2,0.1398995420022402,0.14075529150431976,0.14161104100639932,10694,10694.0,10694,True,"[""0""]","[""The solver successfully reached the end of the integration interval.""]",5.80512384829035e-08,5.80512384829035e-08,-5.80512384829035e-08,,"[5.0,7.0,0.0,0.0]","{""g"":9.81,""l1"":1.0,""l2"":1.0,""m1"":1.0,""m2"":1.0}",Strict RK45 tolerance candidate. Repeat count reduced for longer app-relevance runs. Accuracy reference not computed in this cost benchmark; use drift logs for L/H agreement.
low_energy_small_angles,Small angles released from rest; comparatively benign.,hamiltonian,dop853_moderate,DOP853,1e-06,1e-08,60,12000,200,2,0.055873709003208205,0.061195375499664806,0.0665170419961214,2573,2573.0,2573,True,"[""0""]","[""The solver successfully reached the end of the integration interval.""]",8.157787760865176e-07,1.2012678780592978e-06,-8.157787760865176e-07,,"[5.0,7.0,0.0,0.0]","{""g"":9.81,""l1"":1.0,""l2"":1.0,""m1"":1.0,""m2"":1.0}",Moderate DOP853 tolerance candidate. Repeat count reduced for longer app-relevance runs. Accuracy reference not computed in this cost benchmark; use drift logs for L/H agreement.
low_energy_small_angles,Small angles released from rest; comparatively benign.,hamiltonian,dop853_strict,DOP853,1e-09,1e-11,60,12000,200,2,0.08647141698747873,0.08781127099064179,0.08915112499380484,5816,5816.0,5816,True,"[""0""]","[""The solver successfully reached the end of the integration interval.""]",3.305764550987078e-10,8.317684319081309e-10,-3.305764550987078e-10,,"[5.0,7.0,0.0,0.0]","{""g"":9.81,""l1"":1.0,""l2"":1.0,""m1"":1.0,""m2"":1.0}",Strict DOP853 tolerance candidate. Repeat count reduced for longer app-relevance runs. Accuracy reference not computed in this cost benchmark; use drift logs for L/H agreement.
screenshot_like_simple_start,"Screenshot-like simple case [0, 60, 0, 0].",lagrangian,solve_ivp_default,solve_ivp_default,,,5,1000,200,3,0.019675624993396923,0.02074995799921453,0.021918666985584423,290,290,290,True,"[""0""]","[""The solver successfully reached the end of the integration interval.""]",0.5650042153644428,0.565103946517489,0.5650042153644428,,"[0.0,60.0,0.0,0.0]","{""g"":9.81,""l1"":1.0,""l2"":1.0,""m1"":1.0,""m2"":1.0}",Current default solve_ivp behavior. Accuracy reference not computed in this cost benchmark; use drift logs for L/H agreement.
screenshot_like_simple_start,"Screenshot-like simple case [0, 60, 0, 0].",lagrangian,rk45_moderate,RK45,1e-06,1e-08,5,1000,200,3,0.026225209003314376,0.026385415985714644,0.027171458990778774,974,974,974,True,"[""0""]","[""The solver successfully reached the end of the integration interval.""]",5.862959802982459e-06,1.5704570788699357e-05,-5.862959802982459e-06,,"[0.0,60.0,0.0,0.0]","{""g"":9.81,""l1"":1.0,""l2"":1.0,""m1"":1.0,""m2"":1.0}",Moderate RK45 tolerance candidate. Accuracy reference not computed in this cost benchmark; use drift logs for L/H agreement.
screenshot_like_simple_start,"Screenshot-like simple case [0, 60, 0, 0].",lagrangian,rk45_strict,RK45,1e-08,1e-10,5,1000,200,3,0.03462587497779168,0.03531774997827597,0.03570154099725187,2066,2066,2066,True,"[""0""]","[""The solver successfully reached the end of the integration interval.""]",7.612196029072038e-08,2.3045922858955237e-07,-7.612196029072038e-08,,"[0.0,60.0,0.0,0.0]","{""g"":9.81,""l1"":1.0,""l2"":1.0,""m1"":1.0,""m2"":1.0}",Strict RK45 tolerance candidate. Accuracy reference not computed in this cost benchmark; use drift logs for L/H agreement.
screenshot_like_simple_start,"Screenshot-like simple case [0, 60, 0, 0].",lagrangian,dop853_moderate,DOP853,1e-06,1e-08,5,1000,200,3,0.026913749985396862,0.027521584008354694,0.027948542003287002,1250,1250,1250,True,"[""0""]","[""The solver successfully reached the end of the integration interval.""]",1.1869933903341234e-05,2.1721698573173853e-05,1.1869933903341234e-05,,"[0.0,60.0,0.0,0.0]","{""g"":9.81,""l1"":1.0,""l2"":1.0,""m1"":1.0,""m2"":1.0}",Moderate DOP853 tolerance candidate. Accuracy reference not computed in this cost benchmark; use drift logs for L/H agreement.
screenshot_like_simple_start,"Screenshot-like simple case [0, 60, 0, 0].",lagrangian,dop853_strict,DOP853,1e-09,1e-11,5,1000,200,3,0.03590983399772085,0.03681662501185201,0.03742862501530908,2600,2600,2600,True,"[""0""]","[""The solver successfully reached the end of the integration interval.""]",2.778364205369144e-10,7.97028576471348e-09,2.778364205369144e-10,,"[0.0,60.0,0.0,0.0]","{""g"":9.81,""l1"":1.0,""l2"":1.0,""m1"":1.0,""m2"":1.0}",Strict DOP853 tolerance candidate. Accuracy reference not computed in this cost benchmark; use drift logs for L/H agreement.
screenshot_like_simple_start,"Screenshot-like simple case [0, 60, 0, 0].",hamiltonian,solve_ivp_default,solve_ivp_default,,,5,1000,200,3,0.032011125003919005,0.03287891700165346,0.035649166005896404,296,296,296,True,"[""0""]","[""The solver successfully reached the end of the integration interval.""]",0.006029165967852634,0.03940947883813806,-0.006029165967852634,,"[0.0,60.0,0.0,0.0]","{""g"":9.81,""l1"":1.0,""l2"":1.0,""m1"":1.0,""m2"":1.0}",Current default solve_ivp behavior. Accuracy reference not computed in this cost benchmark; use drift logs for L/H agreement.
screenshot_like_simple_start,"Screenshot-like simple case [0, 60, 0, 0].",hamiltonian,rk45_moderate,RK45,1e-06,1e-08,5,1000,200,3,0.03811212501022965,0.03870487498352304,0.04011474997969344,914,914,914,True,"[""0""]","[""The solver successfully reached the end of the integration interval.""]",7.81966465979167e-06,2.0060630308904592e-05,-7.81966465979167e-06,,"[0.0,60.0,0.0,0.0]","{""g"":9.81,""l1"":1.0,""l2"":1.0,""m1"":1.0,""m2"":1.0}",Moderate RK45 tolerance candidate. Accuracy reference not computed in this cost benchmark; use drift logs for L/H agreement.
screenshot_like_simple_start,"Screenshot-like simple case [0, 60, 0, 0].",hamiltonian,rk45_strict,RK45,1e-08,1e-10,5,1000,200,3,0.05350754101527855,0.054108292009914294,0.05470291699748486,1982,1982,1982,True,"[""0""]","[""The solver successfully reached the end of the integration interval.""]",1.3621769312521792e-07,2.1830384966392558e-07,-1.3621769312521792e-07,,"[0.0,60.0,0.0,0.0]","{""g"":9.81,""l1"":1.0,""l2"":1.0,""m1"":1.0,""m2"":1.0}",Strict RK45 tolerance candidate. Accuracy reference not computed in this cost benchmark; use drift logs for L/H agreement.
screenshot_like_simple_start,"Screenshot-like simple case [0, 60, 0, 0].",hamiltonian,dop853_moderate,DOP853,1e-06,1e-08,5,1000,200,3,0.04181499997503124,0.04218845799914561,0.04253249999601394,1082,1082,1082,True,"[""0""]","[""The solver successfully reached the end of the integration interval.""]",1.5220293079210023e-06,5.0301740763813996e-06,1.5220293079210023e-06,,"[0.0,60.0,0.0,0.0]","{""g"":9.81,""l1"":1.0,""l2"":1.0,""m1"":1.0,""m2"":1.0}",Moderate DOP853 tolerance candidate. Accuracy reference not computed in this cost benchmark; use drift logs for L/H agreement.
screenshot_like_simple_start,"Screenshot-like simple case [0, 60, 0, 0].",hamiltonian,dop853_strict,DOP853,1e-09,1e-11,5,1000,200,3,0.05213737499434501,0.05248462499002926,0.05636612500529736,2189,2189,2189,True,"[""0""]","[""The solver successfully reached the end of the integration interval.""]",1.9812347318293178e-09,1.063131449541288e-08,-1.9812347318293178e-09,,"[0.0,60.0,0.0,0.0]","{""g"":9.81,""l1"":1.0,""l2"":1.0,""m1"":1.0,""m2"":1.0}",Strict DOP853 tolerance candidate. Accuracy reference not computed in this cost benchmark; use drift logs for L/H agreement.
screenshot_like_simple_start,"Screenshot-like simple case [0, 60, 0, 0].",lagrangian,solve_ivp_default,solve_ivp_default,,,10,2000,200,3,0.02349941700231284,0.023500207986216992,0.02669475000584498,554,554,554,True,"[""0""]","[""The solver successfully reached the end of the integration interval.""]",0.8401880087066012,0.8403633950837559,0.8401880087066012,,"[0.0,60.0,0.0,0.0]","{""g"":9.81,""l1"":1.0,""l2"":1.0,""m1"":1.0,""m2"":1.0}",Current default solve_ivp behavior. Accuracy reference not computed in this cost benchmark; use drift logs for L/H agreement.
screenshot_like_simple_start,"Screenshot-like simple case [0, 60, 0, 0].",lagrangian,rk45_moderate,RK45,1e-06,1e-08,10,2000,200,3,0.03497274999972433,0.03542233299231157,0.03618662498774938,1904,1904,1904,True,"[""0""]","[""The solver successfully reached the end of the integration interval.""]",1.2003585059261468e-05,2.661114489654892e-05,-1.2003585059261468e-05,,"[0.0,60.0,0.0,0.0]","{""g"":9.81,""l1"":1.0,""l2"":1.0,""m1"":1.0,""m2"":1.0}",Moderate RK45 tolerance candidate. Accuracy reference not computed in this cost benchmark; use drift logs for L/H agreement.
screenshot_like_simple_start,"Screenshot-like simple case [0, 60, 0, 0].",lagrangian,rk45_strict,RK45,1e-08,1e-10,10,2000,200,3,0.0525362919725012,0.05412945797434077,0.05888783300179057,4082,4082,4082,True,"[""0""]","[""The solver successfully reached the end of the integration interval.""]",1.576339947462202e-07,2.6620193338544595e-07,-1.576339947462202e-07,,"[0.0,60.0,0.0,0.0]","{""g"":9.81,""l1"":1.0,""l2"":1.0,""m1"":1.0,""m2"":1.0}",Strict RK45 tolerance candidate. Accuracy reference not computed in this cost benchmark; use drift logs for L/H agreement.
screenshot_like_simple_start,"Screenshot-like simple case [0, 60, 0, 0].",lagrangian,dop853_moderate,DOP853,1e-06,1e-08,10,2000,200,3,0.03523920799489133,0.0354571659991052,0.03627625000081025,2420,2420,2420,True,"[""0""]","[""The solver successfully reached the end of the integration interval.""]",2.2535370593601556e-05,3.574497922187447e-05,2.2535370593601556e-05,,"[0.0,60.0,0.0,0.0]","{""g"":9.81,""l1"":1.0,""l2"":1.0,""m1"":1.0,""m2"":1.0}",Moderate DOP853 tolerance candidate. Accuracy reference not computed in this cost benchmark; use drift logs for L/H agreement.
screenshot_like_simple_start,"Screenshot-like simple case [0, 60, 0, 0].",lagrangian,dop853_strict,DOP853,1e-09,1e-11,10,2000,200,3,0.054286541999317706,0.054910457984078676,0.0560710419958923,5162,5162,5162,True,"[""0""]","[""The solver successfully reached the end of the integration interval.""]",7.827090087175748e-10,7.68802621564646e-09,7.827090087175748e-10,,"[0.0,60.0,0.0,0.0]","{""g"":9.81,""l1"":1.0,""l2"":1.0,""m1"":1.0,""m2"":1.0}",Strict DOP853 tolerance candidate. Accuracy reference not computed in this cost benchmark; use drift logs for L/H agreement.
screenshot_like_simple_start,"Screenshot-like simple case [0, 60, 0, 0].",hamiltonian,solve_ivp_default,solve_ivp_default,,,10,2000,200,3,0.03484670800389722,0.03557587499381043,0.03712087500025518,548,548,548,True,"[""0""]","[""The solver successfully reached the end of the integration interval.""]",0.0014280241336415145,0.03936723722187807,-0.0014280241336415145,,"[0.0,60.0,0.0,0.0]","{""g"":9.81,""l1"":1.0,""l2"":1.0,""m1"":1.0,""m2"":1.0}",Current default solve_ivp behavior. Accuracy reference not computed in this cost benchmark; use drift logs for L/H agreement.
screenshot_like_simple_start,"Screenshot-like simple case [0, 60, 0, 0].",hamiltonian,rk45_moderate,RK45,1e-06,1e-08,10,2000,200,3,0.047695625020423904,0.04825525000342168,0.04867870800080709,1820,1820,1820,True,"[""0""]","[""The solver successfully reached the end of the integration interval.""]",1.446740900590271e-05,2.676794551703665e-05,-1.446740900590271e-05,,"[0.0,60.0,0.0,0.0]","{""g"":9.81,""l1"":1.0,""l2"":1.0,""m1"":1.0,""m2"":1.0}",Moderate RK45 tolerance candidate. Accuracy reference not computed in this cost benchmark; use drift logs for L/H agreement.
screenshot_like_simple_start,"Screenshot-like simple case [0, 60, 0, 0].",hamiltonian,rk45_strict,RK45,1e-08,1e-10,10,2000,200,3,0.07045262501924299,0.07084591701277532,0.070868042006623,4064,4064,4064,True,"[""0""]","[""The solver successfully reached the end of the integration interval.""]",2.4841135015662985e-07,4.424695241311838e-07,-2.4841135015662985e-07,,"[0.0,60.0,0.0,0.0]","{""g"":9.81,""l1"":1.0,""l2"":1.0,""m1"":1.0,""m2"":1.0}",Strict RK45 tolerance candidate. Accuracy reference not computed in this cost benchmark; use drift logs for L/H agreement.
screenshot_like_simple_start,"Screenshot-like simple case [0, 60, 0, 0].",hamiltonian,dop853_moderate,DOP853,1e-06,1e-08,10,2000,200,3,0.04838287501479499,0.04924095797468908,0.04967029200633988,2084,2084,2084,True,"[""0""]","[""The solver successfully reached the end of the integration interval.""]",1.788370841637743e-06,5.43426550692061e-06,-1.788370841637743e-06,,"[0.0,60.0,0.0,0.0]","{""g"":9.81,""l1"":1.0,""l2"":1.0,""m1"":1.0,""m2"":1.0}",Moderate DOP853 tolerance candidate. Accuracy reference not computed in this cost benchmark; use drift logs for L/H agreement.
screenshot_like_simple_start,"Screenshot-like simple case [0, 60, 0, 0].",hamiltonian,dop853_strict,DOP853,1e-09,1e-11,10,2000,200,3,0.06953716700081713,0.07157970900880173,0.07246770799974911,4334,4334,4334,True,"[""0""]","[""The solver successfully reached the end of the integration interval.""]",4.171834433464028e-09,1.1081549899927268e-08,-4.171834433464028e-09,,"[0.0,60.0,0.0,0.0]","{""g"":9.81,""l1"":1.0,""l2"":1.0,""m1"":1.0,""m2"":1.0}",Strict DOP853 tolerance candidate. Accuracy reference not computed in this cost benchmark; use drift logs for L/H agreement.
screenshot_like_simple_start,"Screenshot-like simple case [0, 60, 0, 0].",lagrangian,solve_ivp_default,solve_ivp_default,,,30,6000,200,2,0.032616417011013255,0.03326960401318502,0.03392279101535678,1718,1718.0,1718,True,"[""0""]","[""The solver successfully reached the end of the integration interval.""]",1.0387684449125416,1.1074754833119975,1.0387684449125416,,"[0.0,60.0,0.0,0.0]","{""g"":9.81,""l1"":1.0,""l2"":1.0,""m1"":1.0,""m2"":1.0}",Current default solve_ivp behavior. Repeat count reduced for longer app-relevance runs. Accuracy reference not computed in this cost benchmark; use drift logs for L/H agreement.
screenshot_like_simple_start,"Screenshot-like simple case [0, 60, 0, 0].",lagrangian,rk45_moderate,RK45,1e-06,1e-08,30,6000,200,2,0.061880749999545515,0.06210270800511353,0.06232466601068154,5606,5606.0,5606,True,"[""0""]","[""The solver successfully reached the end of the integration interval.""]",3.2220938059879245e-05,4.643607567444974e-05,-3.2220938059879245e-05,,"[0.0,60.0,0.0,0.0]","{""g"":9.81,""l1"":1.0,""l2"":1.0,""m1"":1.0,""m2"":1.0}",Moderate RK45 tolerance candidate. Repeat count reduced for longer app-relevance runs. Accuracy reference not computed in this cost benchmark; use drift logs for L/H agreement.
screenshot_like_simple_start,"Screenshot-like simple case [0, 60, 0, 0].",lagrangian,rk45_strict,RK45,1e-08,1e-10,30,6000,200,2,0.11690758299664594,0.11694004149467219,0.11697249999269843,12260,12260.0,12260,True,"[""0""]","[""The solver successfully reached the end of the integration interval.""]",4.6076313608978126e-07,5.927517889858791e-07,-4.6076313608978126e-07,,"[0.0,60.0,0.0,0.0]","{""g"":9.81,""l1"":1.0,""l2"":1.0,""m1"":1.0,""m2"":1.0}",Strict RK45 tolerance candidate. Repeat count reduced for longer app-relevance runs. Accuracy reference not computed in this cost benchmark; use drift logs for L/H agreement.
screenshot_like_simple_start,"Screenshot-like simple case [0, 60, 0, 0].",lagrangian,dop853_moderate,DOP853,1e-06,1e-08,30,6000,200,2,0.06801879199338146,0.06857222950202413,0.0691256670106668,7073,7073.0,7073,True,"[""0""]","[""The solver successfully reached the end of the integration interval.""]",0.00011926095165293304,0.000134237154298944,0.00011926095165293304,,"[0.0,60.0,0.0,0.0]","{""g"":9.81,""l1"":1.0,""l2"":1.0,""m1"":1.0,""m2"":1.0}",Moderate DOP853 tolerance candidate. Repeat count reduced for longer app-relevance runs. Accuracy reference not computed in this cost benchmark; use drift logs for L/H agreement.
screenshot_like_simple_start,"Screenshot-like simple case [0, 60, 0, 0].",lagrangian,dop853_strict,DOP853,1e-09,1e-11,30,6000,200,2,0.12505562498699874,0.12609081249684095,0.12712600000668317,15215,15215.0,15215,True,"[""0""]","[""The solver successfully reached the end of the integration interval.""]",1.695514839639145e-09,1.3117542607687938e-08,-1.695514839639145e-09,,"[0.0,60.0,0.0,0.0]","{""g"":9.81,""l1"":1.0,""l2"":1.0,""m1"":1.0,""m2"":1.0}",Strict DOP853 tolerance candidate. Repeat count reduced for longer app-relevance runs. Accuracy reference not computed in this cost benchmark; use drift logs for L/H agreement.
screenshot_like_simple_start,"Screenshot-like simple case [0, 60, 0, 0].",hamiltonian,solve_ivp_default,solve_ivp_default,,,30,6000,200,2,0.044307874981313944,0.044582520495168865,0.044857166009023786,1478,1478.0,1478,True,"[""0""]","[""The solver successfully reached the end of the integration interval.""]",0.03020760558368707,0.05352996726368531,0.03020760558368707,,"[0.0,60.0,0.0,0.0]","{""g"":9.81,""l1"":1.0,""l2"":1.0,""m1"":1.0,""m2"":1.0}",Current default solve_ivp behavior. Repeat count reduced for longer app-relevance runs. Accuracy reference not computed in this cost benchmark; use drift logs for L/H agreement.
screenshot_like_simple_start,"Screenshot-like simple case [0, 60, 0, 0].",hamiltonian,rk45_moderate,RK45,1e-06,1e-08,30,6000,200,2,0.08466945801046677,0.08521185400604736,0.08575425000162795,5378,5378.0,5378,True,"[""0""]","[""The solver successfully reached the end of the integration interval.""]",4.906867205889398e-05,6.405372521456343e-05,-4.906867205889398e-05,,"[0.0,60.0,0.0,0.0]","{""g"":9.81,""l1"":1.0,""l2"":1.0,""m1"":1.0,""m2"":1.0}",Moderate RK45 tolerance candidate. Repeat count reduced for longer app-relevance runs. Accuracy reference not computed in this cost benchmark; use drift logs for L/H agreement.
screenshot_like_simple_start,"Screenshot-like simple case [0, 60, 0, 0].",hamiltonian,rk45_strict,RK45,1e-08,1e-10,30,6000,200,2,0.15538591699441895,0.15564927099330816,0.15591262499219738,12098,12098.0,12098,True,"[""0""]","[""The solver successfully reached the end of the integration interval.""]",7.98407324253958e-07,8.894334300180162e-07,-7.98407324253958e-07,,"[0.0,60.0,0.0,0.0]","{""g"":9.81,""l1"":1.0,""l2"":1.0,""m1"":1.0,""m2"":1.0}",Strict RK45 tolerance candidate. Repeat count reduced for longer app-relevance runs. Accuracy reference not computed in this cost benchmark; use drift logs for L/H agreement.
screenshot_like_simple_start,"Screenshot-like simple case [0, 60, 0, 0].",hamiltonian,dop853_moderate,DOP853,1e-06,1e-08,30,6000,200,2,0.08833400000003166,0.08935918750648852,0.09038437501294538,6083,6083.0,6083,True,"[""0""]","[""The solver successfully reached the end of the integration interval.""]",1.575378146156936e-06,5.95688017313023e-06,1.575378146156936e-06,,"[0.0,60.0,0.0,0.0]","{""g"":9.81,""l1"":1.0,""l2"":1.0,""m1"":1.0,""m2"":1.0}",Moderate DOP853 tolerance candidate. Repeat count reduced for longer app-relevance runs. Accuracy reference not computed in this cost benchmark; use drift logs for L/H agreement.
screenshot_like_simple_start,"Screenshot-like simple case [0, 60, 0, 0].",hamiltonian,dop853_strict,DOP853,1e-09,1e-11,30,6000,200,2,0.1523613749886863,0.15240897898911498,0.15245658298954368,12965,12965.0,12965,True,"[""0""]","[""The solver successfully reached the end of the integration interval.""]",4.4008174882037565e-10,1.3685689026488035e-08,-4.4008174882037565e-10,,"[0.0,60.0,0.0,0.0]","{""g"":9.81,""l1"":1.0,""l2"":1.0,""m1"":1.0,""m2"":1.0}",Strict DOP853 tolerance candidate. Repeat count reduced for longer app-relevance runs. Accuracy reference not computed in this cost benchmark; use drift logs for L/H agreement.
screenshot_like_simple_start,"Screenshot-like simple case [0, 60, 0, 0].",lagrangian,solve_ivp_default,solve_ivp_default,,,60,12000,200,2,0.04580279198125936,0.04582029198354576,0.045837791985832155,3446,3446.0,3446,True,"[""0""]","[""The solver successfully reached the end of the integration interval.""]",0.9813889552328376,1.2291274381414787,0.9813889552328376,,"[0.0,60.0,0.0,0.0]","{""g"":9.81,""l1"":1.0,""l2"":1.0,""m1"":1.0,""m2"":1.0}",Current default solve_ivp behavior. Repeat count reduced for longer app-relevance runs. Accuracy reference not computed in this cost benchmark; use drift logs for L/H agreement.
screenshot_like_simple_start,"Screenshot-like simple case [0, 60, 0, 0].",lagrangian,rk45_moderate,RK45,1e-06,1e-08,60,12000,200,2,0.10663920899969526,0.10668485450150911,0.10673050000332296,11156,11156.0,11156,True,"[""0""]","[""The solver successfully reached the end of the integration interval.""]",6.352326055036883e-05,7.554483238791931e-05,-6.352326055036883e-05,,"[0.0,60.0,0.0,0.0]","{""g"":9.81,""l1"":1.0,""l2"":1.0,""m1"":1.0,""m2"":1.0}",Moderate RK45 tolerance candidate. Repeat count reduced for longer app-relevance runs. Accuracy reference not computed in this cost benchmark; use drift logs for L/H agreement.
screenshot_like_simple_start,"Screenshot-like simple case [0, 60, 0, 0].",lagrangian,rk45_strict,RK45,1e-08,1e-10,60,12000,200,2,0.2169748749874998,0.21812439599307254,0.2192739169986453,24500,24500.0,24500,True,"[""0""]","[""The solver successfully reached the end of the integration interval.""]",9.277885801850516e-07,1.006722950336325e-06,-9.277885801850516e-07,,"[0.0,60.0,0.0,0.0]","{""g"":9.81,""l1"":1.0,""l2"":1.0,""m1"":1.0,""m2"":1.0}",Strict RK45 tolerance candidate. Repeat count reduced for longer app-relevance runs. Accuracy reference not computed in this cost benchmark; use drift logs for L/H agreement.
screenshot_like_simple_start,"Screenshot-like simple case [0, 60, 0, 0].",lagrangian,dop853_moderate,DOP853,1e-06,1e-08,60,12000,200,2,0.11963483301224187,0.11988318749354221,0.12013154197484255,14000,14000.0,14000,True,"[""0""]","[""The solver successfully reached the end of the integration interval.""]",0.000252669223876012,0.0002652223972532397,0.000252669223876012,,"[0.0,60.0,0.0,0.0]","{""g"":9.81,""l1"":1.0,""l2"":1.0,""m1"":1.0,""m2"":1.0}",Moderate DOP853 tolerance candidate. Repeat count reduced for longer app-relevance runs. Accuracy reference not computed in this cost benchmark; use drift logs for L/H agreement.
screenshot_like_simple_start,"Screenshot-like simple case [0, 60, 0, 0].",lagrangian,dop853_strict,DOP853,1e-09,1e-11,60,12000,200,2,0.23556062500574626,0.23594147901167162,0.23632233301759697,30275,30275.0,30275,True,"[""0""]","[""The solver successfully reached the end of the integration interval.""]",6.357758763897436e-10,1.3475823124053932e-08,6.357758763897436e-10,,"[0.0,60.0,0.0,0.0]","{""g"":9.81,""l1"":1.0,""l2"":1.0,""m1"":1.0,""m2"":1.0}",Strict DOP853 tolerance candidate. Repeat count reduced for longer app-relevance runs. Accuracy reference not computed in this cost benchmark; use drift logs for L/H agreement.
screenshot_like_simple_start,"Screenshot-like simple case [0, 60, 0, 0].",hamiltonian,solve_ivp_default,solve_ivp_default,,,60,12000,200,2,0.05955237499438226,0.06016564549645409,0.06077891599852592,2912,2912.0,2912,True,"[""0""]","[""The solver successfully reached the end of the integration interval.""]",0.08109971656443093,0.15629823365474138,0.08109971656443093,,"[0.0,60.0,0.0,0.0]","{""g"":9.81,""l1"":1.0,""l2"":1.0,""m1"":1.0,""m2"":1.0}",Current default solve_ivp behavior. Repeat count reduced for longer app-relevance runs. Accuracy reference not computed in this cost benchmark; use drift logs for L/H agreement.
screenshot_like_simple_start,"Screenshot-like simple case [0, 60, 0, 0].",hamiltonian,rk45_moderate,RK45,1e-06,1e-08,60,12000,200,2,0.1371959169919137,0.13751347949437331,0.13783104199683294,10832,10832.0,10832,True,"[""0""]","[""The solver successfully reached the end of the integration interval.""]",9.613862253843308e-05,0.00010928905157214786,-9.613862253843308e-05,,"[0.0,60.0,0.0,0.0]","{""g"":9.81,""l1"":1.0,""l2"":1.0,""m1"":1.0,""m2"":1.0}",Moderate RK45 tolerance candidate. Repeat count reduced for longer app-relevance runs. Accuracy reference not computed in this cost benchmark; use drift logs for L/H agreement.
screenshot_like_simple_start,"Screenshot-like simple case [0, 60, 0, 0].",hamiltonian,rk45_strict,RK45,1e-08,1e-10,60,12000,200,2,0.2779710410104599,0.2971539995050989,0.31633695799973793,24320,24320.0,24320,True,"[""0""]","[""The solver successfully reached the end of the integration interval.""]",1.5593095739063756e-06,1.7613234923885557e-06,-1.5593095739063756e-06,,"[0.0,60.0,0.0,0.0]","{""g"":9.81,""l1"":1.0,""l2"":1.0,""m1"":1.0,""m2"":1.0}",Strict RK45 tolerance candidate. Repeat count reduced for longer app-relevance runs. Accuracy reference not computed in this cost benchmark; use drift logs for L/H agreement.
screenshot_like_simple_start,"Screenshot-like simple case [0, 60, 0, 0].",hamiltonian,dop853_moderate,DOP853,1e-06,1e-08,60,12000,200,2,0.1417812920117285,0.14207345849717967,0.14236562498263083,12134,12134.0,12134,True,"[""0""]","[""The solver successfully reached the end of the integration interval.""]",2.0128413069642193e-07,7.6158823141270204e-06,-2.0128413069642193e-07,,"[0.0,60.0,0.0,0.0]","{""g"":9.81,""l1"":1.0,""l2"":1.0,""m1"":1.0,""m2"":1.0}",Moderate DOP853 tolerance candidate. Repeat count reduced for longer app-relevance runs. Accuracy reference not computed in this cost benchmark; use drift logs for L/H agreement.
screenshot_like_simple_start,"Screenshot-like simple case [0, 60, 0, 0].",hamiltonian,dop853_strict,DOP853,1e-09,1e-11,60,12000,200,2,0.26802937500178814,0.27011024999956135,0.27219112499733455,25784,25784.0,25784,True,"[""0""]","[""The solver successfully reached the end of the integration interval.""]",8.066010082075081e-10,1.459208220921937e-08,8.066010082075081e-10,,"[0.0,60.0,0.0,0.0]","{""g"":9.81,""l1"":1.0,""l2"":1.0,""m1"":1.0,""m2"":1.0}",Strict DOP853 tolerance candidate. Repeat count reduced for longer app-relevance runs. Accuracy reference not computed in this cost benchmark; use drift logs for L/H agreement.
nonzero_velocity_spirograph,Nonzero angular-velocity case using non-unity lengths and masses.,lagrangian,solve_ivp_default,solve_ivp_default,,,5,1000,200,3,0.023060499981511384,0.023440999997546896,0.02970675000688061,596,596,596,True,"[""0""]","[""The solver successfully reached the end of the integration interval.""]",77.24558217305304,77.51348973308694,77.24558217305304,,"[90.0,0.0,572.95,-458.37]","{""g"":9.81,""l1"":1.0,""l2"":1.5,""m1"":3.0,""m2"":1.0}",Current default solve_ivp behavior. Accuracy reference not computed in this cost benchmark; use drift logs for L/H agreement.
nonzero_velocity_spirograph,Nonzero angular-velocity case using non-unity lengths and masses.,lagrangian,rk45_moderate,RK45,1e-06,1e-08,5,1000,200,3,0.033102333021815866,0.03398433400434442,0.03401758402469568,1934,1934,1934,True,"[""0""]","[""The solver successfully reached the end of the integration interval.""]",0.009798241181840694,0.011273619257451628,0.009798241181840694,,"[90.0,0.0,572.95,-458.37]","{""g"":9.81,""l1"":1.0,""l2"":1.5,""m1"":3.0,""m2"":1.0}",Moderate RK45 tolerance candidate. Accuracy reference not computed in this cost benchmark; use drift logs for L/H agreement.
nonzero_velocity_spirograph,Nonzero angular-velocity case using non-unity lengths and masses.,lagrangian,rk45_strict,RK45,1e-08,1e-10,5,1000,200,3,0.04905908400542103,0.05105541701777838,0.05456762498943135,3842,3842,3842,True,"[""0""]","[""The solver successfully reached the end of the integration interval.""]",1.1971505500696367e-05,6.69959662218389e-05,1.1971505500696367e-05,,"[90.0,0.0,572.95,-458.37]","{""g"":9.81,""l1"":1.0,""l2"":1.5,""m1"":3.0,""m2"":1.0}",Strict RK45 tolerance candidate. Accuracy reference not computed in this cost benchmark; use drift logs for L/H agreement.
nonzero_velocity_spirograph,Nonzero angular-velocity case using non-unity lengths and masses.,lagrangian,dop853_moderate,DOP853,1e-06,1e-08,5,1000,200,3,0.03886025000247173,0.0399023330246564,0.04290087500703521,2924,2924,2924,True,"[""0""]","[""The solver successfully reached the end of the integration interval.""]",0.001975933956600784,0.003848265221449765,0.001975933956600784,,"[90.0,0.0,572.95,-458.37]","{""g"":9.81,""l1"":1.0,""l2"":1.5,""m1"":3.0,""m2"":1.0}",Moderate DOP853 tolerance candidate. Accuracy reference not computed in this cost benchmark; use drift logs for L/H agreement.
nonzero_velocity_spirograph,Nonzero angular-velocity case using non-unity lengths and masses.,lagrangian,dop853_strict,DOP853,1e-09,1e-11,5,1000,200,3,0.06281399997533299,0.06349291701917537,0.06376133300364017,6242,6242,6242,True,"[""0""]","[""The solver successfully reached the end of the integration interval.""]",1.0965845831378829e-07,9.55976361183275e-07,-1.0965845831378829e-07,,"[90.0,0.0,572.95,-458.37]","{""g"":9.81,""l1"":1.0,""l2"":1.5,""m1"":3.0,""m2"":1.0}",Strict DOP853 tolerance candidate. Accuracy reference not computed in this cost benchmark; use drift logs for L/H agreement.
nonzero_velocity_spirograph,Nonzero angular-velocity case using non-unity lengths and masses.,hamiltonian,solve_ivp_default,solve_ivp_default,,,5,1000,200,3,0.03452616700087674,0.03531720899627544,0.044452750007621944,542,542,542,True,"[""0""]","[""The solver successfully reached the end of the integration interval.""]",64.85640878532683,64.85640878532683,64.85640878532683,,"[90.0,0.0,572.95,-458.37]","{""g"":9.81,""l1"":1.0,""l2"":1.5,""m1"":3.0,""m2"":1.0}",Current default solve_ivp behavior. Accuracy reference not computed in this cost benchmark; use drift logs for L/H agreement.
nonzero_velocity_spirograph,Nonzero angular-velocity case using non-unity lengths and masses.,hamiltonian,rk45_moderate,RK45,1e-06,1e-08,5,1000,200,3,0.047801250009797513,0.04833024999243207,0.048509249987546355,1820,1820,1820,True,"[""0""]","[""The solver successfully reached the end of the integration interval.""]",0.00031321902918080013,0.002641172113897028,-0.00031321902918080013,,"[90.0,0.0,572.95,-458.37]","{""g"":9.81,""l1"":1.0,""l2"":1.5,""m1"":3.0,""m2"":1.0}",Moderate RK45 tolerance candidate. Accuracy reference not computed in this cost benchmark; use drift logs for L/H agreement.
nonzero_velocity_spirograph,Nonzero angular-velocity case using non-unity lengths and masses.,hamiltonian,rk45_strict,RK45,1e-08,1e-10,5,1000,200,3,0.06804933300008997,0.07073295800364576,0.07113724999362603,3752,3752,3752,True,"[""0""]","[""The solver successfully reached the end of the integration interval.""]",2.628639208523964e-05,4.8460796790550376e-05,-2.628639208523964e-05,,"[90.0,0.0,572.95,-458.37]","{""g"":9.81,""l1"":1.0,""l2"":1.5,""m1"":3.0,""m2"":1.0}",Strict RK45 tolerance candidate. Accuracy reference not computed in this cost benchmark; use drift logs for L/H agreement.
nonzero_velocity_spirograph,Nonzero angular-velocity case using non-unity lengths and masses.,hamiltonian,dop853_moderate,DOP853,1e-06,1e-08,5,1000,200,3,0.05089754200889729,0.05197145897545852,0.052287124999566004,2213,2213,2213,True,"[""0""]","[""The solver successfully reached the end of the integration interval.""]",0.003923049002025891,0.019657193417231156,0.003923049002025891,,"[90.0,0.0,572.95,-458.37]","{""g"":9.81,""l1"":1.0,""l2"":1.5,""m1"":3.0,""m2"":1.0}",Moderate DOP853 tolerance candidate. Accuracy reference not computed in this cost benchmark; use drift logs for L/H agreement.
nonzero_velocity_spirograph,Nonzero angular-velocity case using non-unity lengths and masses.,hamiltonian,dop853_strict,DOP853,1e-09,1e-11,5,1000,200,3,0.07818066701292992,0.07844204100547358,0.07926783300354145,5075,5075,5075,True,"[""0""]","[""The solver successfully reached the end of the integration interval.""]",1.6531880646653008e-06,4.65247495640142e-06,-1.6531880646653008e-06,,"[90.0,0.0,572.95,-458.37]","{""g"":9.81,""l1"":1.0,""l2"":1.5,""m1"":3.0,""m2"":1.0}",Strict DOP853 tolerance candidate. Accuracy reference not computed in this cost benchmark; use drift logs for L/H agreement.
nonzero_velocity_spirograph,Nonzero angular-velocity case using non-unity lengths and masses.,lagrangian,solve_ivp_default,solve_ivp_default,,,10,2000,200,3,0.02894754201406613,0.02898899998399429,0.029388833994744346,1268,1268,1268,True,"[""0""]","[""The solver successfully reached the end of the integration interval.""]",108.8680474332707,130.06642671863204,108.8680474332707,,"[90.0,0.0,572.95,-458.37]","{""g"":9.81,""l1"":1.0,""l2"":1.5,""m1"":3.0,""m2"":1.0}",Current default solve_ivp behavior. Accuracy reference not computed in this cost benchmark; use drift logs for L/H agreement.
nonzero_velocity_spirograph,Nonzero angular-velocity case using non-unity lengths and masses.,lagrangian,rk45_moderate,RK45,1e-06,1e-08,10,2000,200,3,0.04912612499902025,0.04974212500383146,0.04979216700303368,3854,3854,3854,True,"[""0""]","[""The solver successfully reached the end of the integration interval.""]",0.019004431734856553,0.022627103802619786,0.019004431734856553,,"[90.0,0.0,572.95,-458.37]","{""g"":9.81,""l1"":1.0,""l2"":1.5,""m1"":3.0,""m2"":1.0}",Moderate RK45 tolerance candidate. Accuracy reference not computed in this cost benchmark; use drift logs for L/H agreement.
nonzero_velocity_spirograph,Nonzero angular-velocity case using non-unity lengths and masses.,lagrangian,rk45_strict,RK45,1e-08,1e-10,10,2000,200,3,0.08108258398715407,0.0816382080083713,0.08236504200613126,7772,7772,7772,True,"[""0""]","[""The solver successfully reached the end of the integration interval.""]",1.8272510146744025e-05,8.674946496967095e-05,1.8272510146744025e-05,,"[90.0,0.0,572.95,-458.37]","{""g"":9.81,""l1"":1.0,""l2"":1.5,""m1"":3.0,""m2"":1.0}",Strict RK45 tolerance candidate. Accuracy reference not computed in this cost benchmark; use drift logs for L/H agreement.
nonzero_velocity_spirograph,Nonzero angular-velocity case using non-unity lengths and masses.,lagrangian,dop853_moderate,DOP853,1e-06,1e-08,10,2000,200,3,0.057731500011868775,0.058400875015649945,0.05898854200495407,5660,5660,5660,True,"[""0""]","[""The solver successfully reached the end of the integration interval.""]",0.010886094058548679,0.018375696658324614,0.010886094058548679,,"[90.0,0.0,572.95,-458.37]","{""g"":9.81,""l1"":1.0,""l2"":1.5,""m1"":3.0,""m2"":1.0}",Moderate DOP853 tolerance candidate. Accuracy reference not computed in this cost benchmark; use drift logs for L/H agreement.
nonzero_velocity_spirograph,Nonzero angular-velocity case using non-unity lengths and masses.,lagrangian,dop853_strict,DOP853,1e-09,1e-11,10,2000,200,3,0.10719270899426192,0.10958950000349432,0.10993879201123491,12662,12662,12662,True,"[""0""]","[""The solver successfully reached the end of the integration interval.""]",2.9791806355206063e-07,1.281467405078729e-06,-2.9791806355206063e-07,,"[90.0,0.0,572.95,-458.37]","{""g"":9.81,""l1"":1.0,""l2"":1.5,""m1"":3.0,""m2"":1.0}",Strict DOP853 tolerance candidate. Accuracy reference not computed in this cost benchmark; use drift logs for L/H agreement.
nonzero_velocity_spirograph,Nonzero angular-velocity case using non-unity lengths and masses.,hamiltonian,solve_ivp_default,solve_ivp_default,,,10,2000,200,3,0.04134466699906625,0.04152300002169795,0.04203970800153911,1172,1172,1172,True,"[""0""]","[""The solver successfully reached the end of the integration interval.""]",179.69870285368023,179.9579235266802,179.69870285368023,,"[90.0,0.0,572.95,-458.37]","{""g"":9.81,""l1"":1.0,""l2"":1.5,""m1"":3.0,""m2"":1.0}",Current default solve_ivp behavior. Accuracy reference not computed in this cost benchmark; use drift logs for L/H agreement.
nonzero_velocity_spirograph,Nonzero angular-velocity case using non-unity lengths and masses.,hamiltonian,rk45_moderate,RK45,1e-06,1e-08,10,2000,200,3,0.0657135829969775,0.06598666700301692,0.06668612500652671,3668,3668,3668,True,"[""0""]","[""The solver successfully reached the end of the integration interval.""]",0.0005779840566901839,0.0031295389374008664,-0.0005779840566901839,,"[90.0,0.0,572.95,-458.37]","{""g"":9.81,""l1"":1.0,""l2"":1.5,""m1"":3.0,""m2"":1.0}",Moderate RK45 tolerance candidate. Accuracy reference not computed in this cost benchmark; use drift logs for L/H agreement.
nonzero_velocity_spirograph,Nonzero angular-velocity case using non-unity lengths and masses.,hamiltonian,rk45_strict,RK45,1e-08,1e-10,10,2000,200,3,0.10558879200834781,0.10564024999621324,0.1078310830052942,7580,7580,7580,True,"[""0""]","[""The solver successfully reached the end of the integration interval.""]",5.4147393711900804e-05,6.797050986051545e-05,-5.4147393711900804e-05,,"[90.0,0.0,572.95,-458.37]","{""g"":9.81,""l1"":1.0,""l2"":1.5,""m1"":3.0,""m2"":1.0}",Strict RK45 tolerance candidate. Accuracy reference not computed in this cost benchmark; use drift logs for L/H agreement.
nonzero_velocity_spirograph,Nonzero angular-velocity case using non-unity lengths and masses.,hamiltonian,dop853_moderate,DOP853,1e-06,1e-08,10,2000,200,3,0.07126158298342489,0.0715085830015596,0.07353216700721532,4532,4532,4532,True,"[""0""]","[""The solver successfully reached the end of the integration interval.""]",0.009237790120380396,0.01907187384426834,-0.009237790120380396,,"[90.0,0.0,572.95,-458.37]","{""g"":9.81,""l1"":1.0,""l2"":1.5,""m1"":3.0,""m2"":1.0}",Moderate DOP853 tolerance candidate. Accuracy reference not computed in this cost benchmark; use drift logs for L/H agreement.
nonzero_velocity_spirograph,Nonzero angular-velocity case using non-unity lengths and masses.,hamiltonian,dop853_strict,DOP853,1e-09,1e-11,10,2000,200,3,0.12449562500114553,0.12475600000470877,0.12505212498945184,10301,10301,10301,True,"[""0""]","[""The solver successfully reached the end of the integration interval.""]",4.466407403924677e-06,7.71625553852573e-06,-4.466407403924677e-06,,"[90.0,0.0,572.95,-458.37]","{""g"":9.81,""l1"":1.0,""l2"":1.5,""m1"":3.0,""m2"":1.0}",Strict DOP853 tolerance candidate. Accuracy reference not computed in this cost benchmark; use drift logs for L/H agreement.
nonzero_velocity_spirograph,Nonzero angular-velocity case using non-unity lengths and masses.,lagrangian,solve_ivp_default,solve_ivp_default,,,30,6000,200,2,0.054837958014104515,0.05532066652085632,0.055803375027608126,4376,4376.0,4376,True,"[""0""]","[""The solver successfully reached the end of the integration interval.""]",362.88771644376504,362.88771644376504,362.88771644376504,,"[90.0,0.0,572.95,-458.37]","{""g"":9.81,""l1"":1.0,""l2"":1.5,""m1"":3.0,""m2"":1.0}",Current default solve_ivp behavior. Repeat count reduced for longer app-relevance runs. Accuracy reference not computed in this cost benchmark; use drift logs for L/H agreement.
nonzero_velocity_spirograph,Nonzero angular-velocity case using non-unity lengths and masses.,lagrangian,rk45_moderate,RK45,1e-06,1e-08,30,6000,200,2,0.11246420801035129,0.11285708351351786,0.11324995901668444,11552,11552.0,11552,True,"[""0""]","[""The solver successfully reached the end of the integration interval.""]",0.053960232705946964,0.05586371839092408,0.053960232705946964,,"[90.0,0.0,572.95,-458.37]","{""g"":9.81,""l1"":1.0,""l2"":1.5,""m1"":3.0,""m2"":1.0}",Moderate RK45 tolerance candidate. Repeat count reduced for longer app-relevance runs. Accuracy reference not computed in this cost benchmark; use drift logs for L/H agreement.
nonzero_velocity_spirograph,Nonzero angular-velocity case using non-unity lengths and masses.,lagrangian,rk45_strict,RK45,1e-08,1e-10,30,6000,200,2,0.20938308400218375,0.21204864600440487,0.214714208006626,23348,23348.0,23348,True,"[""0""]","[""The solver successfully reached the end of the integration interval.""]",5.3846785647237994e-05,0.0001441050205812644,5.3846785647237994e-05,,"[90.0,0.0,572.95,-458.37]","{""g"":9.81,""l1"":1.0,""l2"":1.5,""m1"":3.0,""m2"":1.0}",Strict RK45 tolerance candidate. Repeat count reduced for longer app-relevance runs. Accuracy reference not computed in this cost benchmark; use drift logs for L/H agreement.
nonzero_velocity_spirograph,Nonzero angular-velocity case using non-unity lengths and masses.,lagrangian,dop853_moderate,DOP853,1e-06,1e-08,30,6000,200,2,0.14019279202329926,0.141776791511802,0.14336079100030474,17117,17117.0,17117,True,"[""0""]","[""The solver successfully reached the end of the integration interval.""]",0.026551942612684343,0.027233838674021627,0.026551942612684343,,"[90.0,0.0,572.95,-458.37]","{""g"":9.81,""l1"":1.0,""l2"":1.5,""m1"":3.0,""m2"":1.0}",Moderate DOP853 tolerance candidate. Repeat count reduced for longer app-relevance runs. Accuracy reference not computed in this cost benchmark; use drift logs for L/H agreement.
nonzero_velocity_spirograph,Nonzero angular-velocity case using non-unity lengths and masses.,lagrangian,dop853_strict,DOP853,1e-09,1e-11,30,6000,200,2,0.29030541598331183,0.29286729150044266,0.2954291670175735,38135,38135.0,38135,True,"[""0""]","[""The solver successfully reached the end of the integration interval.""]",7.586339165754907e-07,1.4590183923246514e-06,-7.586339165754907e-07,,"[90.0,0.0,572.95,-458.37]","{""g"":9.81,""l1"":1.0,""l2"":1.5,""m1"":3.0,""m2"":1.0}",Strict DOP853 tolerance candidate. Repeat count reduced for longer app-relevance runs. Accuracy reference not computed in this cost benchmark; use drift logs for L/H agreement.
nonzero_velocity_spirograph,Nonzero angular-velocity case using non-unity lengths and masses.,hamiltonian,solve_ivp_default,solve_ivp_default,,,30,6000,200,2,0.13533741599530913,0.13584743700630497,0.13635745801730081,10778,10778.0,10778,True,"[""0""]","[""The solver successfully reached the end of the integration interval.""]",264052.8809101423,264052.8809101423,264052.8809101423,,"[90.0,0.0,572.95,-458.37]","{""g"":9.81,""l1"":1.0,""l2"":1.5,""m1"":3.0,""m2"":1.0}",Current default solve_ivp behavior. Repeat count reduced for longer app-relevance runs. Accuracy reference not computed in this cost benchmark; use drift logs for L/H agreement.
nonzero_velocity_spirograph,Nonzero angular-velocity case using non-unity lengths and masses.,hamiltonian,rk45_moderate,RK45,1e-06,1e-08,30,6000,200,2,0.1394132499990519,0.1395556039933581,0.13969795798766427,10898,10898.0,10898,True,"[""0""]","[""The solver successfully reached the end of the integration interval.""]",0.001982207236551403,0.005011864146581502,-0.001982207236551403,,"[90.0,0.0,572.95,-458.37]","{""g"":9.81,""l1"":1.0,""l2"":1.5,""m1"":3.0,""m2"":1.0}",Moderate RK45 tolerance candidate. Repeat count reduced for longer app-relevance runs. Accuracy reference not computed in this cost benchmark; use drift logs for L/H agreement.
nonzero_velocity_spirograph,Nonzero angular-velocity case using non-unity lengths and masses.,hamiltonian,rk45_strict,RK45,1e-08,1e-10,30,6000,200,2,0.2582502919831313,0.2583231875032652,0.2583960830233991,22676,22676.0,22676,True,"[""0""]","[""The solver successfully reached the end of the integration interval.""]",0.0001629557357318845,0.00017846574291979778,-0.0001629557357318845,,"[90.0,0.0,572.95,-458.37]","{""g"":9.81,""l1"":1.0,""l2"":1.5,""m1"":3.0,""m2"":1.0}",Strict RK45 tolerance candidate. Repeat count reduced for longer app-relevance runs. Accuracy reference not computed in this cost benchmark; use drift logs for L/H agreement.
nonzero_velocity_spirograph,Nonzero angular-velocity case using non-unity lengths and masses.,hamiltonian,dop853_moderate,DOP853,1e-06,1e-08,30,6000,200,2,0.154679708997719,0.15534997949725948,0.15602024999679998,13673,13673.0,13673,True,"[""0""]","[""The solver successfully reached the end of the integration interval.""]",0.01639575262714743,0.10882465425925147,0.01639575262714743,,"[90.0,0.0,572.95,-458.37]","{""g"":9.81,""l1"":1.0,""l2"":1.5,""m1"":3.0,""m2"":1.0}",Moderate DOP853 tolerance candidate. Repeat count reduced for longer app-relevance runs. Accuracy reference not computed in this cost benchmark; use drift logs for L/H agreement.
nonzero_velocity_spirograph,Nonzero angular-velocity case using non-unity lengths and masses.,hamiltonian,dop853_strict,DOP853,1e-09,1e-11,30,6000,200,2,0.3188199589785654,0.3224918339838041,0.3261637089890428,31460,31460.0,31460,True,"[""0""]","[""The solver successfully reached the end of the integration interval.""]",0.00012520467367949095,0.00033133839900756357,0.00012520467367949095,,"[90.0,0.0,572.95,-458.37]","{""g"":9.81,""l1"":1.0,""l2"":1.5,""m1"":3.0,""m2"":1.0}",Strict DOP853 tolerance candidate. Repeat count reduced for longer app-relevance runs. Accuracy reference not computed in this cost benchmark; use drift logs for L/H agreement.
nonzero_velocity_spirograph,Nonzero angular-velocity case using non-unity lengths and masses.,lagrangian,solve_ivp_default,solve_ivp_default,,,60,12000,200,2,0.8070599579950795,0.8104893955023726,0.8139188330096658,115352,115352.0,115352,False,"[""-1""]","[""Required step size is less than spacing between numbers.""]",124696182156.99062,124696182156.99062,124696182156.99062,,"[90.0,0.0,572.95,-458.37]","{""g"":9.81,""l1"":1.0,""l2"":1.5,""m1"":3.0,""m2"":1.0}",Current default solve_ivp behavior. Repeat count reduced for longer app-relevance runs. Accuracy reference not computed in this cost benchmark; use drift logs for L/H agreement.
nonzero_velocity_spirograph,Nonzero angular-velocity case using non-unity lengths and masses.,lagrangian,rk45_moderate,RK45,1e-06,1e-08,60,12000,200,2,0.20186900001135655,0.2020663125003921,0.20226362498942763,23114,23114.0,23114,True,"[""0""]","[""The solver successfully reached the end of the integration interval.""]",0.10965826519606026,0.1113351067404551,0.10965826519606026,,"[90.0,0.0,572.95,-458.37]","{""g"":9.81,""l1"":1.0,""l2"":1.5,""m1"":3.0,""m2"":1.0}",Moderate RK45 tolerance candidate. Repeat count reduced for longer app-relevance runs. Accuracy reference not computed in this cost benchmark; use drift logs for L/H agreement.
nonzero_velocity_spirograph,Nonzero angular-velocity case using non-unity lengths and masses.,lagrangian,rk45_strict,RK45,1e-08,1e-10,60,12000,200,2,0.3898718749987893,0.39390727049612906,0.39794266599346884,46772,46772.0,46772,True,"[""0""]","[""The solver successfully reached the end of the integration interval.""]",0.0001144434098137026,0.00019889676303819215,0.0001144434098137026,,"[90.0,0.0,572.95,-458.37]","{""g"":9.81,""l1"":1.0,""l2"":1.5,""m1"":3.0,""m2"":1.0}",Strict RK45 tolerance candidate. Repeat count reduced for longer app-relevance runs. Accuracy reference not computed in this cost benchmark; use drift logs for L/H agreement.
nonzero_velocity_spirograph,Nonzero angular-velocity case using non-unity lengths and masses.,lagrangian,dop853_moderate,DOP853,1e-06,1e-08,60,12000,200,2,0.2604102919867728,0.26084158348385245,0.2612728749809321,34145,34145.0,34145,True,"[""0""]","[""The solver successfully reached the end of the integration interval.""]",0.07274842116623859,0.07283946195451563,0.07274842116623859,,"[90.0,0.0,572.95,-458.37]","{""g"":9.81,""l1"":1.0,""l2"":1.5,""m1"":3.0,""m2"":1.0}",Moderate DOP853 tolerance candidate. Repeat count reduced for longer app-relevance runs. Accuracy reference not computed in this cost benchmark; use drift logs for L/H agreement.
nonzero_velocity_spirograph,Nonzero angular-velocity case using non-unity lengths and masses.,lagrangian,dop853_strict,DOP853,1e-09,1e-11,60,12000,200,2,0.5581660830066539,0.5597007500036852,0.5612354170007166,76055,76055.0,76055,True,"[""0""]","[""The solver successfully reached the end of the integration interval.""]",1.8890704041041317e-06,2.64356589241288e-06,-1.8890704041041317e-06,,"[90.0,0.0,572.95,-458.37]","{""g"":9.81,""l1"":1.0,""l2"":1.5,""m1"":3.0,""m2"":1.0}",Strict DOP853 tolerance candidate. Repeat count reduced for longer app-relevance runs. Accuracy reference not computed in this cost benchmark; use drift logs for L/H agreement.
nonzero_velocity_spirograph,Nonzero angular-velocity case using non-unity lengths and masses.,hamiltonian,solve_ivp_default,solve_ivp_default,,,60,12000,200,2,0.9127379580168054,0.9259400830196682,0.9391422080225311,98798,98798.0,98798,False,"[""-1""]","[""Required step size is less than spacing between numbers.""]",6886969618143.038,6886969618143.038,6886969618143.038,,"[90.0,0.0,572.95,-458.37]","{""g"":9.81,""l1"":1.0,""l2"":1.5,""m1"":3.0,""m2"":1.0}",Current default solve_ivp behavior. Repeat count reduced for longer app-relevance runs. Accuracy reference not computed in this cost benchmark; use drift logs for L/H agreement.
nonzero_velocity_spirograph,Nonzero angular-velocity case using non-unity lengths and masses.,hamiltonian,rk45_moderate,RK45,1e-06,1e-08,60,12000,200,2,0.24671004197443835,0.24992629198823124,0.25314254200202413,21842,21842.0,21842,True,"[""0""]","[""The solver successfully reached the end of the integration interval.""]",0.004303022753788355,0.0069454934071018215,-0.004303022753788355,,"[90.0,0.0,572.95,-458.37]","{""g"":9.81,""l1"":1.0,""l2"":1.5,""m1"":3.0,""m2"":1.0}",Moderate RK45 tolerance candidate. Repeat count reduced for longer app-relevance runs. Accuracy reference not computed in this cost benchmark; use drift logs for L/H agreement.
nonzero_velocity_spirograph,Nonzero angular-velocity case using non-unity lengths and masses.,hamiltonian,rk45_strict,RK45,1e-08,1e-10,60,12000,200,2,0.4914373329957016,0.4940814584988402,0.49672558400197886,45440,45440.0,45440,True,"[""0""]","[""The solver successfully reached the end of the integration interval.""]",0.000328066959411899,0.0003398235841132191,-0.000328066959411899,,"[90.0,0.0,572.95,-458.37]","{""g"":9.81,""l1"":1.0,""l2"":1.5,""m1"":3.0,""m2"":1.0}",Strict RK45 tolerance candidate. Repeat count reduced for longer app-relevance runs. Accuracy reference not computed in this cost benchmark; use drift logs for L/H agreement.
nonzero_velocity_spirograph,Nonzero angular-velocity case using non-unity lengths and masses.,hamiltonian,dop853_moderate,DOP853,1e-06,1e-08,60,12000,200,2,0.28342116699786857,0.28513412550091743,0.2868470840039663,27551,27551.0,27551,True,"[""0""]","[""The solver successfully reached the end of the integration interval.""]",0.005275260024404815,0.1090429190744544,0.005275260024404815,,"[90.0,0.0,572.95,-458.37]","{""g"":9.81,""l1"":1.0,""l2"":1.5,""m1"":3.0,""m2"":1.0}",Moderate DOP853 tolerance candidate. Repeat count reduced for longer app-relevance runs. Accuracy reference not computed in this cost benchmark; use drift logs for L/H agreement.
nonzero_velocity_spirograph,Nonzero angular-velocity case using non-unity lengths and masses.,hamiltonian,dop853_strict,DOP853,1e-09,1e-11,60,12000,200,2,0.6144251670048106,0.6203683960047783,0.626311625004746,63584,63584.0,63584,True,"[""0""]","[""The solver successfully reached the end of the integration interval.""]",0.00011425563343436806,0.00034183853745162196,0.00011425563343436806,,"[90.0,0.0,572.95,-458.37]","{""g"":9.81,""l1"":1.0,""l2"":1.5,""m1"":3.0,""m2"":1.0}",Strict DOP853 tolerance candidate. Repeat count reduced for longer app-relevance runs. Accuracy reference not computed in this cost benchmark; use drift logs for L/H agreement.
higher_energy_wide_swing,Large separated angles plus nonzero velocities; more sensitive.,lagrangian,solve_ivp_default,solve_ivp_default,,,5,1000,200,3,0.02078112500021234,0.02114383300067857,0.024586415995145217,338,338,338,True,"[""0""]","[""The solver successfully reached the end of the integration interval.""]",1.825676473639188,1.841619308326223,1.825676473639188,,"[120.0,-120.0,120.0,-90.0]","{""g"":9.81,""l1"":1.0,""l2"":1.0,""m1"":1.0,""m2"":1.0}",Current default solve_ivp behavior. Accuracy reference not computed in this cost benchmark; use drift logs for L/H agreement.
higher_energy_wide_swing,Large separated angles plus nonzero velocities; more sensitive.,lagrangian,rk45_moderate,RK45,1e-06,1e-08,5,1000,200,3,0.02703737499541603,0.02715587499551475,0.027762874990003183,1088,1088,1088,True,"[""0""]","[""The solver successfully reached the end of the integration interval.""]",0.00028770585107551483,0.0009573371411519815,0.00028770585107551483,,"[120.0,-120.0,120.0,-90.0]","{""g"":9.81,""l1"":1.0,""l2"":1.0,""m1"":1.0,""m2"":1.0}",Moderate RK45 tolerance candidate. Accuracy reference not computed in this cost benchmark; use drift logs for L/H agreement.
higher_energy_wide_swing,Large separated angles plus nonzero velocities; more sensitive.,lagrangian,rk45_strict,RK45,1e-08,1e-10,5,1000,200,3,0.03755337500479072,0.03768904198659584,0.03776220898726024,2330,2330,2330,True,"[""0""]","[""The solver successfully reached the end of the integration interval.""]",5.329014740595994e-08,7.036531215476316e-06,-5.329014740595994e-08,,"[120.0,-120.0,120.0,-90.0]","{""g"":9.81,""l1"":1.0,""l2"":1.0,""m1"":1.0,""m2"":1.0}",Strict RK45 tolerance candidate. Accuracy reference not computed in this cost benchmark; use drift logs for L/H agreement.
higher_energy_wide_swing,Large separated angles plus nonzero velocities; more sensitive.,lagrangian,dop853_moderate,DOP853,1e-06,1e-08,5,1000,200,3,0.028315542003838345,0.02835725000477396,0.028845833003288135,1394,1394,1394,True,"[""0""]","[""The solver successfully reached the end of the integration interval.""]",0.0004288489129251616,0.001004288943086351,0.0004288489129251616,,"[120.0,-120.0,120.0,-90.0]","{""g"":9.81,""l1"":1.0,""l2"":1.0,""m1"":1.0,""m2"":1.0}",Moderate DOP853 tolerance candidate. Accuracy reference not computed in this cost benchmark; use drift logs for L/H agreement.
higher_energy_wide_swing,Large separated angles plus nonzero velocities; more sensitive.,lagrangian,dop853_strict,DOP853,1e-09,1e-11,5,1000,200,3,0.04086429098970257,0.041088666999712586,0.041943624994019046,3122,3122,3122,True,"[""0""]","[""The solver successfully reached the end of the integration interval.""]",8.863874967346419e-08,2.8442176613907577e-07,-8.863874967346419e-08,,"[120.0,-120.0,120.0,-90.0]","{""g"":9.81,""l1"":1.0,""l2"":1.0,""m1"":1.0,""m2"":1.0}",Strict DOP853 tolerance candidate. Accuracy reference not computed in this cost benchmark; use drift logs for L/H agreement.
higher_energy_wide_swing,Large separated angles plus nonzero velocities; more sensitive.,hamiltonian,solve_ivp_default,solve_ivp_default,,,5,1000,200,3,0.03268266702070832,0.03403466701274738,0.036102291982388124,254,254,254,True,"[""0""]","[""The solver successfully reached the end of the integration interval.""]",1.01449313137487,1.3550075393539203,1.01449313137487,,"[120.0,-120.0,120.0,-90.0]","{""g"":9.81,""l1"":1.0,""l2"":1.0,""m1"":1.0,""m2"":1.0}",Current default solve_ivp behavior. Accuracy reference not computed in this cost benchmark; use drift logs for L/H agreement.
higher_energy_wide_swing,Large separated angles plus nonzero velocities; more sensitive.,hamiltonian,rk45_moderate,RK45,1e-06,1e-08,5,1000,200,3,0.03858066597604193,0.03948716598097235,0.04010920799919404,902,902,902,True,"[""0""]","[""The solver successfully reached the end of the integration interval.""]",3.5601905597815175e-05,0.0006414991333087983,-3.5601905597815175e-05,,"[120.0,-120.0,120.0,-90.0]","{""g"":9.81,""l1"":1.0,""l2"":1.0,""m1"":1.0,""m2"":1.0}",Moderate RK45 tolerance candidate. Accuracy reference not computed in this cost benchmark; use drift logs for L/H agreement.
higher_energy_wide_swing,Large separated angles plus nonzero velocities; more sensitive.,hamiltonian,rk45_strict,RK45,1e-08,1e-10,5,1000,200,3,0.05014041700633243,0.05058616600581445,0.05083666698192246,1934,1934,1934,True,"[""0""]","[""The solver successfully reached the end of the integration interval.""]",1.4618919799147534e-06,4.0733653605684594e-06,-1.4618919799147534e-06,,"[120.0,-120.0,120.0,-90.0]","{""g"":9.81,""l1"":1.0,""l2"":1.0,""m1"":1.0,""m2"":1.0}",Strict RK45 tolerance candidate. Accuracy reference not computed in this cost benchmark; use drift logs for L/H agreement.
higher_energy_wide_swing,Large separated angles plus nonzero velocities; more sensitive.,hamiltonian,dop853_moderate,DOP853,1e-06,1e-08,5,1000,200,3,0.04004720799275674,0.040705749997869134,0.04140137499780394,1181,1181,1181,True,"[""0""]","[""The solver successfully reached the end of the integration interval.""]",2.3302765235655443e-05,0.00027394209820386095,2.3302765235655443e-05,,"[120.0,-120.0,120.0,-90.0]","{""g"":9.81,""l1"":1.0,""l2"":1.0,""m1"":1.0,""m2"":1.0}",Moderate DOP853 tolerance candidate. Accuracy reference not computed in this cost benchmark; use drift logs for L/H agreement.
higher_energy_wide_swing,Large separated angles plus nonzero velocities; more sensitive.,hamiltonian,dop853_strict,DOP853,1e-09,1e-11,5,1000,200,3,0.0506524590018671,0.05100595799740404,0.051774124993244186,2291,2291,2291,True,"[""0""]","[""The solver successfully reached the end of the integration interval.""]",3.4716293839665013e-08,1.9594831002223145e-07,3.4716293839665013e-08,,"[120.0,-120.0,120.0,-90.0]","{""g"":9.81,""l1"":1.0,""l2"":1.0,""m1"":1.0,""m2"":1.0}",Strict DOP853 tolerance candidate. Accuracy reference not computed in this cost benchmark; use drift logs for L/H agreement.
higher_energy_wide_swing,Large separated angles plus nonzero velocities; more sensitive.,lagrangian,solve_ivp_default,solve_ivp_default,,,10,2000,200,3,0.024008083011722192,0.024598499992862344,0.026648083003237844,752,752,752,True,"[""0""]","[""The solver successfully reached the end of the integration interval.""]",3.8042621636063423,3.9983151316409646,3.8042621636063423,,"[120.0,-120.0,120.0,-90.0]","{""g"":9.81,""l1"":1.0,""l2"":1.0,""m1"":1.0,""m2"":1.0}",Current default solve_ivp behavior. Accuracy reference not computed in this cost benchmark; use drift logs for L/H agreement.
higher_energy_wide_swing,Large separated angles plus nonzero velocities; more sensitive.,lagrangian,rk45_moderate,RK45,1e-06,1e-08,10,2000,200,3,0.03522350001730956,0.035310457984451205,0.0359681670088321,2216,2216,2216,True,"[""0""]","[""The solver successfully reached the end of the integration interval.""]",0.0004742679371467773,0.0008432020052921985,0.0004742679371467773,,"[120.0,-120.0,120.0,-90.0]","{""g"":9.81,""l1"":1.0,""l2"":1.0,""m1"":1.0,""m2"":1.0}",Moderate RK45 tolerance candidate. Accuracy reference not computed in this cost benchmark; use drift logs for L/H agreement.
higher_energy_wide_swing,Large separated angles plus nonzero velocities; more sensitive.,lagrangian,rk45_strict,RK45,1e-08,1e-10,10,2000,200,3,0.05508420799742453,0.05551533401012421,0.05552237498341128,4730,4730,4730,True,"[""0""]","[""The solver successfully reached the end of the integration interval.""]",2.1337930178333409e-07,7.625298344748899e-06,-2.1337930178333409e-07,,"[120.0,-120.0,120.0,-90.0]","{""g"":9.81,""l1"":1.0,""l2"":1.0,""m1"":1.0,""m2"":1.0}",Strict RK45 tolerance candidate. Accuracy reference not computed in this cost benchmark; use drift logs for L/H agreement.
higher_energy_wide_swing,Large separated angles plus nonzero velocities; more sensitive.,lagrangian,dop853_moderate,DOP853,1e-06,1e-08,10,2000,200,3,0.0379195410059765,0.03810479200910777,0.038810124999145046,2858,2858,2858,True,"[""0""]","[""The solver successfully reached the end of the integration interval.""]",0.001207115829959804,0.0017206427461111673,0.001207115829959804,,"[120.0,-120.0,120.0,-90.0]","{""g"":9.81,""l1"":1.0,""l2"":1.0,""m1"":1.0,""m2"":1.0}",Moderate DOP853 tolerance candidate. Accuracy reference not computed in this cost benchmark; use drift logs for L/H agreement.
higher_energy_wide_swing,Large separated angles plus nonzero velocities; more sensitive.,lagrangian,dop853_strict,DOP853,1e-09,1e-11,10,2000,200,3,0.06311058299615979,0.0636934159847442,0.06415891600772738,6407,6407,6407,True,"[""0""]","[""The solver successfully reached the end of the integration interval.""]",1.260264106406339e-07,2.6496367055983683e-07,-1.260264106406339e-07,,"[120.0,-120.0,120.0,-90.0]","{""g"":9.81,""l1"":1.0,""l2"":1.0,""m1"":1.0,""m2"":1.0}",Strict DOP853 tolerance candidate. Accuracy reference not computed in this cost benchmark; use drift logs for L/H agreement.
higher_energy_wide_swing,Large separated angles plus nonzero velocities; more sensitive.,hamiltonian,solve_ivp_default,solve_ivp_default,,,10,2000,200,3,0.035649708006531,0.03605733398580924,0.037082458002259955,674,674,674,True,"[""0""]","[""The solver successfully reached the end of the integration interval.""]",12.774309793493487,12.838172309440885,12.774309793493487,,"[120.0,-120.0,120.0,-90.0]","{""g"":9.81,""l1"":1.0,""l2"":1.0,""m1"":1.0,""m2"":1.0}",Current default solve_ivp behavior. Accuracy reference not computed in this cost benchmark; use drift logs for L/H agreement.
higher_energy_wide_swing,Large separated angles plus nonzero velocities; more sensitive.,hamiltonian,rk45_moderate,RK45,1e-06,1e-08,10,2000,200,3,0.04803666699444875,0.048073582991492,0.05019562499364838,1868,1868,1868,True,"[""0""]","[""The solver successfully reached the end of the integration interval.""]",0.00015453668738274473,0.0009590100974463667,-0.00015453668738274473,,"[120.0,-120.0,120.0,-90.0]","{""g"":9.81,""l1"":1.0,""l2"":1.0,""m1"":1.0,""m2"":1.0}",Moderate RK45 tolerance candidate. Accuracy reference not computed in this cost benchmark; use drift logs for L/H agreement.
higher_energy_wide_swing,Large separated angles plus nonzero velocities; more sensitive.,hamiltonian,rk45_strict,RK45,1e-08,1e-10,10,2000,200,3,0.06992233399068937,0.07091899999068119,0.07327908399747685,4022,4022,4022,True,"[""0""]","[""The solver successfully reached the end of the integration interval.""]",7.2119817957627674e-06,3.39207003001718e-05,-7.2119817957627674e-06,,"[120.0,-120.0,120.0,-90.0]","{""g"":9.81,""l1"":1.0,""l2"":1.0,""m1"":1.0,""m2"":1.0}",Strict RK45 tolerance candidate. Accuracy reference not computed in this cost benchmark; use drift logs for L/H agreement.
higher_energy_wide_swing,Large separated angles plus nonzero velocities; more sensitive.,hamiltonian,dop853_moderate,DOP853,1e-06,1e-08,10,2000,200,3,0.053023916989332065,0.05370412499178201,0.054337000008672476,2408,2408,2408,True,"[""0""]","[""The solver successfully reached the end of the integration interval.""]",0.00015041090119893852,0.0003129300150916947,-0.00015041090119893852,,"[120.0,-120.0,120.0,-90.0]","{""g"":9.81,""l1"":1.0,""l2"":1.0,""m1"":1.0,""m2"":1.0}",Moderate DOP853 tolerance candidate. Accuracy reference not computed in this cost benchmark; use drift logs for L/H agreement.
higher_energy_wide_swing,Large separated angles plus nonzero velocities; more sensitive.,hamiltonian,dop853_strict,DOP853,1e-09,1e-11,10,2000,200,3,0.07564875000389293,0.07654025001102127,0.07911162500386126,5042,5042,5042,True,"[""0""]","[""The solver successfully reached the end of the integration interval.""]",3.596584718934537e-08,5.337524200399457e-07,3.596584718934537e-08,,"[120.0,-120.0,120.0,-90.0]","{""g"":9.81,""l1"":1.0,""l2"":1.0,""m1"":1.0,""m2"":1.0}",Strict DOP853 tolerance candidate. Accuracy reference not computed in this cost benchmark; use drift logs for L/H agreement.
higher_energy_wide_swing,Large separated angles plus nonzero velocities; more sensitive.,lagrangian,solve_ivp_default,solve_ivp_default,,,30,6000,200,2,0.03544591701938771,0.035880125520634465,0.03631433402188122,2114,2114.0,2114,True,"[""0""]","[""The solver successfully reached the end of the integration interval.""]",13.999611238350504,14.410182823928686,13.999611238350504,,"[120.0,-120.0,120.0,-90.0]","{""g"":9.81,""l1"":1.0,""l2"":1.0,""m1"":1.0,""m2"":1.0}",Current default solve_ivp behavior. Repeat count reduced for longer app-relevance runs. Accuracy reference not computed in this cost benchmark; use drift logs for L/H agreement.
higher_energy_wide_swing,Large separated angles plus nonzero velocities; more sensitive.,lagrangian,rk45_moderate,RK45,1e-06,1e-08,30,6000,200,2,0.0735492089879699,0.07423716699122451,0.07492512499447912,7082,7082.0,7082,True,"[""0""]","[""The solver successfully reached the end of the integration interval.""]",0.002137733160765265,0.0025466731604382176,0.002137733160765265,,"[120.0,-120.0,120.0,-90.0]","{""g"":9.81,""l1"":1.0,""l2"":1.0,""m1"":1.0,""m2"":1.0}",Moderate RK45 tolerance candidate. Repeat count reduced for longer app-relevance runs. Accuracy reference not computed in this cost benchmark; use drift logs for L/H agreement.
higher_energy_wide_swing,Large separated angles plus nonzero velocities; more sensitive.,lagrangian,rk45_strict,RK45,1e-08,1e-10,30,6000,200,2,0.1366359580133576,0.13981762500770856,0.14299929200205952,14768,14768.0,14768,True,"[""0""]","[""The solver successfully reached the end of the integration interval.""]",3.372751915975414e-06,1.134280192260917e-05,3.372751915975414e-06,,"[120.0,-120.0,120.0,-90.0]","{""g"":9.81,""l1"":1.0,""l2"":1.0,""m1"":1.0,""m2"":1.0}",Strict RK45 tolerance candidate. Repeat count reduced for longer app-relevance runs. Accuracy reference not computed in this cost benchmark; use drift logs for L/H agreement.
higher_energy_wide_swing,Large separated angles plus nonzero velocities; more sensitive.,lagrangian,dop853_moderate,DOP853,1e-06,1e-08,30,6000,200,2,0.0877159160154406,0.11027360350999516,0.1328312910045497,9542,9542.0,9542,True,"[""0""]","[""The solver successfully reached the end of the integration interval.""]",0.0017746860299681089,0.0030787588416103517,0.0017746860299681089,,"[120.0,-120.0,120.0,-90.0]","{""g"":9.81,""l1"":1.0,""l2"":1.0,""m1"":1.0,""m2"":1.0}",Moderate DOP853 tolerance candidate. Repeat count reduced for longer app-relevance runs. Accuracy reference not computed in this cost benchmark; use drift logs for L/H agreement.
higher_energy_wide_swing,Large separated angles plus nonzero velocities; more sensitive.,lagrangian,dop853_strict,DOP853,1e-09,1e-11,30,6000,200,2,0.17388308397494256,0.17408843748853542,0.17429379100212827,20894,20894.0,20894,True,"[""0""]","[""The solver successfully reached the end of the integration interval.""]",7.180115453309099e-07,8.838582878922807e-07,-7.180115453309099e-07,,"[120.0,-120.0,120.0,-90.0]","{""g"":9.81,""l1"":1.0,""l2"":1.0,""m1"":1.0,""m2"":1.0}",Strict DOP853 tolerance candidate. Repeat count reduced for longer app-relevance runs. Accuracy reference not computed in this cost benchmark; use drift logs for L/H agreement.
higher_energy_wide_swing,Large separated angles plus nonzero velocities; more sensitive.,hamiltonian,solve_ivp_default,solve_ivp_default,,,30,6000,200,2,0.05916283300030045,0.062387812504312024,0.0656127920083236,2804,2804.0,2804,True,"[""0""]","[""The solver successfully reached the end of the integration interval.""]",37.4719400058082,40.064265494273066,37.4719400058082,,"[120.0,-120.0,120.0,-90.0]","{""g"":9.81,""l1"":1.0,""l2"":1.0,""m1"":1.0,""m2"":1.0}",Current default solve_ivp behavior. Repeat count reduced for longer app-relevance runs. Accuracy reference not computed in this cost benchmark; use drift logs for L/H agreement.
higher_energy_wide_swing,Large separated angles plus nonzero velocities; more sensitive.,hamiltonian,rk45_moderate,RK45,1e-06,1e-08,30,6000,200,2,0.0924649579974357,0.09318049950525165,0.09389604101306759,6326,6326.0,6326,True,"[""0""]","[""The solver successfully reached the end of the integration interval.""]",0.0013858000056359288,0.0020992095033456337,-0.0013858000056359288,,"[120.0,-120.0,120.0,-90.0]","{""g"":9.81,""l1"":1.0,""l2"":1.0,""m1"":1.0,""m2"":1.0}",Moderate RK45 tolerance candidate. Repeat count reduced for longer app-relevance runs. Accuracy reference not computed in this cost benchmark; use drift logs for L/H agreement.
higher_energy_wide_swing,Large separated angles plus nonzero velocities; more sensitive.,hamiltonian,rk45_strict,RK45,1e-08,1e-10,30,6000,200,2,0.16705762498895638,0.16724447948217858,0.16743133397540078,13394,13394.0,13394,True,"[""0""]","[""The solver successfully reached the end of the integration interval.""]",2.3531663757125898e-05,4.7203395212136456e-05,-2.3531663757125898e-05,,"[120.0,-120.0,120.0,-90.0]","{""g"":9.81,""l1"":1.0,""l2"":1.0,""m1"":1.0,""m2"":1.0}",Strict RK45 tolerance candidate. Repeat count reduced for longer app-relevance runs. Accuracy reference not computed in this cost benchmark; use drift logs for L/H agreement.
higher_energy_wide_swing,Large separated angles plus nonzero velocities; more sensitive.,hamiltonian,dop853_moderate,DOP853,1e-06,1e-08,30,6000,200,2,0.10493270799634047,0.10684104150277562,0.10874937500921078,7928,7928.0,7928,True,"[""0""]","[""The solver successfully reached the end of the integration interval.""]",0.0010349928407151765,0.0017551784397618064,-0.0010349928407151765,,"[120.0,-120.0,120.0,-90.0]","{""g"":9.81,""l1"":1.0,""l2"":1.0,""m1"":1.0,""m2"":1.0}",Moderate DOP853 tolerance candidate. Repeat count reduced for longer app-relevance runs. Accuracy reference not computed in this cost benchmark; use drift logs for L/H agreement.
higher_energy_wide_swing,Large separated angles plus nonzero velocities; more sensitive.,hamiltonian,dop853_strict,DOP853,1e-09,1e-11,30,6000,200,2,0.18062720901798457,0.19333427150559146,0.20604133399319835,15896,15896.0,15896,True,"[""0""]","[""The solver successfully reached the end of the integration interval.""]",1.7416245867707403e-07,1.2347779687615912e-06,-1.7416245867707403e-07,,"[120.0,-120.0,120.0,-90.0]","{""g"":9.81,""l1"":1.0,""l2"":1.0,""m1"":1.0,""m2"":1.0}",Strict DOP853 tolerance candidate. Repeat count reduced for longer app-relevance runs. Accuracy reference not computed in this cost benchmark; use drift logs for L/H agreement.
higher_energy_wide_swing,Large separated angles plus nonzero velocities; more sensitive.,lagrangian,solve_ivp_default,solve_ivp_default,,,60,12000,200,2,0.05682745901867747,0.05729747950681485,0.05776749999495223,4928,4928.0,4928,True,"[""0""]","[""The solver successfully reached the end of the integration interval.""]",34.21983289764789,35.27691264247335,34.21983289764789,,"[120.0,-120.0,120.0,-90.0]","{""g"":9.81,""l1"":1.0,""l2"":1.0,""m1"":1.0,""m2"":1.0}",Current default solve_ivp behavior. Repeat count reduced for longer app-relevance runs. Accuracy reference not computed in this cost benchmark; use drift logs for L/H agreement.
higher_energy_wide_swing,Large separated angles plus nonzero velocities; more sensitive.,lagrangian,rk45_moderate,RK45,1e-06,1e-08,60,12000,200,2,0.12973391599371098,0.130097729008412,0.130461542023113,14240,14240.0,14240,True,"[""0""]","[""The solver successfully reached the end of the integration interval.""]",0.004461797189840411,0.004703245857569982,0.004461797189840411,,"[120.0,-120.0,120.0,-90.0]","{""g"":9.81,""l1"":1.0,""l2"":1.0,""m1"":1.0,""m2"":1.0}",Moderate RK45 tolerance candidate. Repeat count reduced for longer app-relevance runs. Accuracy reference not computed in this cost benchmark; use drift logs for L/H agreement.
higher_energy_wide_swing,Large separated angles plus nonzero velocities; more sensitive.,lagrangian,rk45_strict,RK45,1e-08,1e-10,60,12000,200,2,0.2645936250046361,0.27443931250309106,0.284285000001546,31010,31010.0,31010,True,"[""0""]","[""The solver successfully reached the end of the integration interval.""]",1.0087982275308605e-05,1.5805539952395975e-05,1.0087982275308605e-05,,"[120.0,-120.0,120.0,-90.0]","{""g"":9.81,""l1"":1.0,""l2"":1.0,""m1"":1.0,""m2"":1.0}",Strict RK45 tolerance candidate. Repeat count reduced for longer app-relevance runs. Accuracy reference not computed in this cost benchmark; use drift logs for L/H agreement.
higher_energy_wide_swing,Large separated angles plus nonzero velocities; more sensitive.,lagrangian,dop853_moderate,DOP853,1e-06,1e-08,60,12000,200,2,0.17592995800077915,0.1791574584931368,0.18238495898549445,19526,19526.0,19526,True,"[""0""]","[""The solver successfully reached the end of the integration interval.""]",0.0013486223750653892,0.0033407451674989375,0.0013486223750653892,,"[120.0,-120.0,120.0,-90.0]","{""g"":9.81,""l1"":1.0,""l2"":1.0,""m1"":1.0,""m2"":1.0}",Moderate DOP853 tolerance candidate. Repeat count reduced for longer app-relevance runs. Accuracy reference not computed in this cost benchmark; use drift logs for L/H agreement.
higher_energy_wide_swing,Large separated angles plus nonzero velocities; more sensitive.,lagrangian,dop853_strict,DOP853,1e-09,1e-11,60,12000,200,2,0.339161875017453,0.3607835000148043,0.3824051250121556,43325,43325.0,43325,True,"[""0""]","[""The solver successfully reached the end of the integration interval.""]",1.2861321891932675e-06,1.3343354865469337e-06,-1.2861321891932675e-06,,"[120.0,-120.0,120.0,-90.0]","{""g"":9.81,""l1"":1.0,""l2"":1.0,""m1"":1.0,""m2"":1.0}",Strict DOP853 tolerance candidate. Repeat count reduced for longer app-relevance runs. Accuracy reference not computed in this cost benchmark; use drift logs for L/H agreement.
higher_energy_wide_swing,Large separated angles plus nonzero velocities; more sensitive.,hamiltonian,solve_ivp_default,solve_ivp_default,,,60,12000,200,2,0.08489037500112318,0.0849978545011254,0.08510533400112763,5354,5354.0,5354,True,"[""0""]","[""The solver successfully reached the end of the integration interval.""]",59.80638890149955,59.9554837541212,59.80638890149955,,"[120.0,-120.0,120.0,-90.0]","{""g"":9.81,""l1"":1.0,""l2"":1.0,""m1"":1.0,""m2"":1.0}",Current default solve_ivp behavior. Repeat count reduced for longer app-relevance runs. Accuracy reference not computed in this cost benchmark; use drift logs for L/H agreement.
higher_energy_wide_swing,Large separated angles plus nonzero velocities; more sensitive.,hamiltonian,rk45_moderate,RK45,1e-06,1e-08,60,12000,200,2,0.15688212498207577,0.16110879198822659,0.1653354589943774,12566,12566.0,12566,True,"[""0""]","[""The solver successfully reached the end of the integration interval.""]",0.0035374220567128134,0.0036574490114169578,-0.0035374220567128134,,"[120.0,-120.0,120.0,-90.0]","{""g"":9.81,""l1"":1.0,""l2"":1.0,""m1"":1.0,""m2"":1.0}",Moderate RK45 tolerance candidate. Repeat count reduced for longer app-relevance runs. Accuracy reference not computed in this cost benchmark; use drift logs for L/H agreement.
higher_energy_wide_swing,Large separated angles plus nonzero velocities; more sensitive.,hamiltonian,rk45_strict,RK45,1e-08,1e-10,60,12000,200,2,0.3061464589845855,0.30790575049468316,0.30966504200478084,27434,27434.0,27434,True,"[""0""]","[""The solver successfully reached the end of the integration interval.""]",6.0395854312389474e-05,9.854129425690417e-05,-6.0395854312389474e-05,,"[120.0,-120.0,120.0,-90.0]","{""g"":9.81,""l1"":1.0,""l2"":1.0,""m1"":1.0,""m2"":1.0}",Strict RK45 tolerance candidate. Repeat count reduced for longer app-relevance runs. Accuracy reference not computed in this cost benchmark; use drift logs for L/H agreement.
higher_energy_wide_swing,Large separated angles plus nonzero velocities; more sensitive.,hamiltonian,dop853_moderate,DOP853,1e-06,1e-08,60,12000,200,2,0.17815833300119266,0.17955270801030565,0.18094708301941864,15602,15602.0,15602,True,"[""0""]","[""The solver successfully reached the end of the integration interval.""]",0.0020995448866045763,0.003410595353127377,-0.0020995448866045763,,"[120.0,-120.0,120.0,-90.0]","{""g"":9.81,""l1"":1.0,""l2"":1.0,""m1"":1.0,""m2"":1.0}",Moderate DOP853 tolerance candidate. Repeat count reduced for longer app-relevance runs. Accuracy reference not computed in this cost benchmark; use drift logs for L/H agreement.
higher_energy_wide_swing,Large separated angles plus nonzero velocities; more sensitive.,hamiltonian,dop853_strict,DOP853,1e-09,1e-11,60,12000,200,2,0.3616891659912653,0.36327435399289243,0.36485954199451953,35339,35339.0,35339,True,"[""0""]","[""The solver successfully reached the end of the integration interval.""]",4.15128283748345e-07,2.0736366010964957e-06,-4.15128283748345e-07,,"[120.0,-120.0,120.0,-90.0]","{""g"":9.81,""l1"":1.0,""l2"":1.0,""m1"":1.0,""m2"":1.0}",Strict DOP853 tolerance candidate. Repeat count reduced for longer app-relevance runs. Accuracy reference not computed in this cost benchmark; use drift logs for L/H agreement.
